sex,onMeds,snp1,snp2,snp3,y,id
0.0,0.0,0.0,2.0,2.0,13.26667411332518,HG00096
0.0,1.0,0.0,2.0,2.0,10.850932992061036,HG00096
0.0,1.0,0.0,2.0,2.0,13.979997559014407,HG00096
0.0,0.0,0.0,2.0,2.0,13.2169614845003,HG00096
0.0,1.0,0.0,2.0,2.0,15.046238394183158,HG00096
0.0,0.0,0.0,2.0,2.0,10.787521213171791,HG00096
0.0,0.0,0.0,2.0,2.0,13.552181773440118,HG00096
0.0,1.0,0.0,2.0,2.0,14.777654489947297,HG00096
0.0,0.0,0.0,2.0,2.0,12.553680585064361,HG00096
0.0,1.0,0.0,2.0,2.0,17.403935216797795,HG00096
0.0,1.0,1.0,1.0,1.0,13.478693631247683,HG00097
0.0,1.0,1.0,1.0,1.0,10.96785136663335,HG00097
0.0,0.0,1.0,1.0,1.0,12.111817578693872,HG00097
0.0,1.0,1.0,1.0,1.0,12.306683668734719,HG00097
0.0,0.0,1.0,1.0,1.0,12.758895368841413,HG00097
0.0,0.0,1.0,1.0,1.0,12.735768581474684,HG00097
0.0,0.0,1.0,1.0,1.0,10.610835148026126,HG00097
0.0,1.0,1.0,1.0,1.0,9.062526988073769,HG00097
0.0,1.0,1.0,1.0,1.0,14.591997939429454,HG00097
0.0,1.0,1.0,1.0,1.0,13.634949438368563,HG00097
1.0,0.0,1.0,1.05,1.0,11.202103032433904,HG00099
1.0,1.0,1.0,1.05,1.0,11.555606840631226,HG00099
1.0,0.0,1.0,1.05,1.0,8.702064777786429,HG00099
1.0,1.0,1.0,1.05,1.0,11.495285914280467,HG00099
1.0,1.0,1.0,1.05,1.0,11.83187684810213,HG00099
1.0,0.0,1.0,1.05,1.0,10.078190215530585,HG00099
1.0,1.0,1.0,1.05,1.0,11.16613596120462,HG00099
1.0,1.0,1.0,1.05,1.0,11.962149170779279,HG00099
1.0,0.0,1.0,1.05,1.0,11.765350655529055,HG00099
1.0,1.0,1.0,1.05,1.0,8.63140790247102,HG00099
0.0,0.0,0.0,1.0,2.0,13.763120406534936,HG00100
0.0,0.0,0.0,1.0,2.0,13.822733936504612,HG00100
0.0,0.0,0.0,1.0,2.0,11.763055876613175,HG00100
0.0,0.0,0.0,1.0,2.0,11.938498316268465,HG00100
0.0,1.0,0.0,1.0,2.0,12.604041360781643,HG00100
0.0,0.0,0.0,1.0,2.0,12.209325263397277,HG00100
0.0,1.0,0.0,1.0,2.0,11.691301380478004,HG00100
0.0,1.0,0.0,1.0,2.0,13.301549331649381,HG00100
0.0,1.0,0.0,1.0,2.0,12.940435831982885,HG00100
0.0,1.0,0.0,1.0,2.0,16.355366844358254,HG00100
0.0,0.0,0.0,2.0,1.0,16.287381647466642,HG00101
0.0,0.0,0.0,2.0,1.0,13.66068841620941,HG00101
0.0,0.0,0.0,2.0,1.0,14.329843009239774,HG00101
0.0,1.0,0.0,2.0,1.0,12.387861285136768,HG00101
0.0,1.0,0.0,2.0,1.0,16.03686127651643,HG00101
0.0,1.0,0.0,2.0,1.0,16.005607428410116,HG00101
0.0,0.0,0.0,2.0,1.0,11.530900335586793,HG00101
0.0,0.0,0.0,2.0,1.0,10.50050628039067,HG00101
0.0,1.0,0.0,2.0,1.0,12.428779078528924,HG00101
0.0,0.0,0.0,2.0,1.0,12.772214784962184,HG00101
1.0,1.0,0.0,2.0,2.0,8.671586107154305,HG00102
1.0,0.0,0.0,2.0,2.0,7.807888147413492,HG00102
1.0,1.0,0.0,2.0,2.0,8.293196921781213,HG00102
1.0,1.0,0.0,2.0,2.0,9.374693365808943,HG00102
1.0,0.0,0.0,2.0,2.0,4.682467675963631,HG00102
1.0,0.0,0.0,2.0,2.0,9.301985551332685,HG00102
1.0,1.0,0.0,2.0,2.0,9.2228877277486,HG00102
1.0,0.0,0.0,2.0,2.0,6.043589793097673,HG00102
1.0,1.0,0.0,2.0,2.0,7.966037741671121,HG00102
1.0,0.0,0.0,2.0,2.0,9.325799892751991,HG00102
0.0,1.0,1.0,0.0,2.0,8.431925756839838,HG00103
0.0,1.0,1.0,0.0,2.0,8.373080269261193,HG00103
0.0,0.0,1.0,0.0,2.0,7.73552494559688,HG00103
0.0,1.0,1.0,0.0,2.0,9.893997982833344,HG00103
0.0,0.0,1.0,0.0,2.0,8.71968369867779,HG00103
0.0,1.0,1.0,0.0,2.0,9.27354482195656,HG00103
0.0,1.0,1.0,0.0,2.0,9.755183431824598,HG00103
0.0,0.0,1.0,0.0,2.0,7.667788814222862,HG00103
0.0,1.0,1.0,0.0,2.0,11.714362344620637,HG00103
0.0,1.0,1.0,0.0,2.0,11.17044303204559,HG00103
0.0,1.0,1.0,2.0,2.0,16.901733836139645,HG00104
0.0,1.0,1.0,2.0,2.0,15.729502062665881,HG00104
0.0,0.0,1.0,2.0,2.0,14.57885232932755,HG00104
0.0,1.0,1.0,2.0,2.0,16.675040343106595,HG00104
0.0,0.0,1.0,2.0,2.0,15.888232094050654,HG00104
0.0,0.0,1.0,2.0,2.0,14.093131571660297,HG00104
0.0,1.0,1.0,2.0,2.0,13.759241440744539,HG00104
0.0,0.0,1.0,2.0,2.0,16.90894657072548,HG00104
0.0,0.0,1.0,2.0,2.0,13.371192796613613,HG00104
0.0,1.0,1.0,2.0,2.0,17.022131357520838,HG00104
1.0,1.0,0.0,2.0,0.05,5.101489674813459,HG00106
1.0,1.0,0.0,2.0,0.05,8.562342446990854,HG00106
1.0,1.0,0.0,2.0,0.05,3.941315959748431,HG00106
1.0,0.0,0.0,2.0,0.05,7.2756759590866835,HG00106
1.0,0.0,0.0,2.0,0.05,8.036230709877405,HG00106
1.0,0.0,0.0,2.0,0.05,6.922027651500363,HG00106
1.0,0.0,0.0,2.0,0.05,6.639216020220106,HG00106
1.0,0.0,0.0,2.0,0.05,6.545291455710918,HG00106
1.0,1.0,0.0,2.0,0.05,9.3627519229197,HG00106
1.0,0.0,0.0,2.0,0.05,7.2029035614413175,HG00106
1.0,1.0,0.9,0.0,1.0,5.492564534366721,HG00108
1.0,0.0,0.9,0.0,1.0,5.498034730501846,HG00108
1.0,0.0,0.9,0.0,1.0,5.91847572357136,HG00108
1.0,0.0,0.9,0.0,1.0,5.582110547186407,HG00108
1.0,1.0,0.9,0.0,1.0,5.66287394246001,HG00108
1.0,1.0,0.9,0.0,1.0,5.216888827513795,HG00108
1.0,0.0,0.9,0.0,1.0,7.018112886528326,HG00108
1.0,0.0,0.9,0.0,1.0,5.795046704185075,HG00108
1.0,1.0,0.9,0.0,1.0,6.678362991567597,HG00108
1.0,0.0,0.9,0.0,1.0,8.320693794105932,HG00108
0.0,1.0,1.0,1.0,2.0,10.678766573292815,HG00109
0.0,1.0,1.0,1.0,2.0,15.795182302895874,HG00109
0.0,0.0,1.0,1.0,2.0,12.47732618606804,HG00109
0.0,1.0,1.0,1.0,2.0,12.599957039906531,HG00109
0.0,0.0,1.0,1.0,2.0,15.058388135215585,HG00109
0.0,0.0,1.0,1.0,2.0,12.873945225655529,HG00109
0.0,0.0,1.0,1.0,2.0,12.46840229958769,HG00109
0.0,1.0,1.0,1.0,2.0,12.399835595018637,HG00109
0.0,1.0,1.0,1.0,2.0,14.17794057692391,HG00109
0.0,1.0,1.0,1.0,2.0,17.595181800528547,HG00109
0.0,0.0,0.0,1.0,2.0,13.008961099555393,HG00110
0.0,0.0,0.0,1.0,2.0,12.408547985311497,HG00110
0.0,1.0,0.0,1.0,2.0,14.86788593679219,HG00110
0.0,1.0,0.0,1.0,2.0,16.0319039790676,HG00110
0.0,0.0,0.0,1.0,2.0,11.546324431269678,HG00110
0.0,0.0,0.0,1.0,2.0,14.05547325039401,HG00110
0.0,1.0,0.0,1.0,2.0,14.495768871297884,HG00110
0.0,0.0,0.0,1.0,2.0,9.651602165445466,HG00110
0.0,0.0,0.0,1.0,2.0,13.914759285583711,HG00110
0.0,1.0,0.0,1.0,2.0,12.361711836337514,HG00110
0.0,1.0,0.0,1.0,2.0,15.154752226993946,HG00111
0.0,0.0,0.0,1.0,2.0,15.354498094389323,HG00111
0.0,0.0,0.0,1.0,2.0,16.82727043052065,HG00111
0.0,0.0,0.0,1.0,2.0,16.173323071633387,HG00111
0.0,1.0,0.0,1.0,2.0,10.1752424770564,HG00111
0.0,0.0,0.0,1.0,2.0,13.568781953886669,HG00111
0.0,1.0,0.0,1.0,2.0,16.563277507112016,HG00111
0.0,0.0,0.0,1.0,2.0,14.004604756365815,HG00111
0.0,0.0,0.0,1.0,2.0,18.40081992173508,HG00111
0.0,0.0,0.0,1.0,2.0,13.156391068908802,HG00111
0.0,0.0,0.0,2.0,1.0,11.347372074373743,HG00112
0.0,1.0,0.0,2.0,1.0,14.27988933696806,HG00112
0.0,0.0,0.0,2.0,1.0,19.34581522702556,HG00112
0.0,1.0,0.0,2.0,1.0,15.335199368240888,HG00112
0.0,0.0,0.0,2.0,1.0,14.160768379307473,HG00112
0.0,0.0,0.0,2.0,1.0,13.01638427115474,HG00112
0.0,0.0,0.0,2.0,1.0,14.75176260218266,HG00112
0.0,0.0,0.0,2.0,1.0,14.65566764549089,HG00112
0.0,0.0,0.0,2.0,1.0,14.127590616535691,HG00112
0.0,0.0,0.0,2.0,1.0,15.116357913290592,HG00112
0.0,1.0,0.95,1.0,2.0,13.884042359043919,HG00113
0.0,0.0,0.95,1.0,2.0,15.078211460295556,HG00113
0.0,1.0,0.95,1.0,2.0,16.997410636149908,HG00113
0.0,0.0,0.95,1.0,2.0,14.648293666429781,HG00113
0.0,0.0,0.95,1.0,2.0,14.732346784561129,HG00113
0.0,1.0,0.95,1.0,2.0,15.166645543317387,HG00113
0.0,0.0,0.95,1.0,2.0,13.289819087077674,HG00113
0.0,0.0,0.95,1.0,2.0,14.011105445938554,HG00113
0.0,0.0,0.95,1.0,2.0,12.600502934384597,HG00113
0.0,1.0,0.95,1.0,2.0,15.70285558585783,HG00113
0.0,0.0,1.1,1.0,2.0,13.841074544346139,HG00114
0.0,0.0,1.1,1.0,2.0,11.703154748735596,HG00114
0.0,1.0,1.1,1.0,2.0,12.474488736090715,HG00114
0.0,0.0,1.1,1.0,2.0,11.267469417074597,HG00114
0.0,0.0,1.1,1.0,2.0,11.502238182160285,HG00114
0.0,0.0,1.1,1.0,2.0,11.645955104152872,HG00114
0.0,0.0,1.1,1.0,2.0,11.857536465985723,HG00114
0.0,1.0,1.1,1.0,2.0,13.989694019095692,HG00114
0.0,1.0,1.1,1.0,2.0,9.658554918424912,HG00114
0.0,0.0,1.1,1.0,2.0,12.052807814201632,HG00114
1.0,1.0,0.0,1.0,0.0,6.229512240173435,HG00116
1.0,0.0,0.0,1.0,0.0,9.241426791468735,HG00116
1.0,1.0,0.0,1.0,0.0,7.9140521012164795,HG00116
1.0,0.0,0.0,1.0,0.0,8.279121290076791,HG00116
1.0,1.0,0.0,1.0,0.0,5.9472866911032956,HG00116
1.0,1.0,0.0,1.0,0.0,8.315317003597722,HG00116
1.0,0.0,0.0,1.0,0.0,8.93638706115743,HG00116
1.0,1.0,0.0,1.0,0.0,6.557603341256137,HG00116
1.0,1.0,0.0,1.0,0.0,7.6770119840695115,HG00116
1.0,0.0,0.0,1.0,0.0,8.690093044853691,HG00116
1.0,0.0,0.0,2.0,2.0,7.486479621600678,HG00117
1.0,0.0,0.0,2.0,2.0,9.132267047815713,HG00117
1.0,0.0,0.0,2.0,2.0,9.787044046993948,HG00117
1.0,0.0,0.0,2.0,2.0,9.42071442868746,HG00117
1.0,0.0,0.0,2.0,2.0,10.378343080646186,HG00117
1.0,0.0,0.0,2.0,2.0,7.094849307789295,HG00117
1.0,0.0,0.0,2.0,2.0,9.705693660362028,HG00117
1.0,0.0,0.0,2.0,2.0,12.667073683274818,HG00117
1.0,0.0,0.0,2.0,2.0,9.260451008956926,HG00117
1.0,1.0,0.0,2.0,2.0,8.198835825890635,HG00117
0.0,0.0,0.0,0.95,1.05,11.372259420227994,HG00118
0.0,1.0,0.0,0.95,1.05,6.210488178008869,HG00118
0.0,1.0,0.0,0.95,1.05,11.409926115318619,HG00118
0.0,1.0,0.0,0.95,1.05,10.677280334273139,HG00118
0.0,1.0,0.0,0.95,1.05,6.9608990057073825,HG00118
0.0,1.0,0.0,0.95,1.05,13.037943297037332,HG00118
0.0,0.0,0.0,0.95,1.05,8.857518408595798,HG00118
0.0,1.0,0.0,0.95,1.05,8.081063211302006,HG00118
0.0,1.0,0.0,0.95,1.05,3.3011983957561295,HG00118
0.0,1.0,0.0,0.95,1.05,7.589695663746321,HG00118
0.0,1.0,1.0,1.0,2.0,13.358680089707976,HG00119
0.0,1.0,1.0,1.0,2.0,10.069507183944566,HG00119
0.0,0.0,1.0,1.0,2.0,10.192269475007913,HG00119
0.0,0.0,1.0,1.0,2.0,9.02170427245026,HG00119
0.0,1.0,1.0,1.0,2.0,12.40550638682694,HG00119
0.0,1.0,1.0,1.0,2.0,9.448829822810783,HG00119
0.0,0.0,1.0,1.0,2.0,12.129388242124678,HG00119
0.0,1.0,1.0,1.0,2.0,12.32867408885853,HG00119
0.0,0.0,1.0,1.0,2.0,11.602651565986164,HG00119
0.0,1.0,1.0,1.0,2.0,7.450303134636634,HG00119
0.0,1.0,0.0,1.0,1.0,10.590173957687206,HG00120
0.0,0.0,0.0,1.0,1.0,11.13587818908261,HG00120
0.0,0.0,0.0,1.0,1.0,9.535358541269485,HG00120
0.0,0.0,0.0,1.0,1.0,9.984051777469634,HG00120
0.0,0.0,0.0,1.0,1.0,12.916943086801531,HG00120
0.0,1.0,0.0,1.0,1.0,8.853324175626533,HG00120
0.0,1.0,0.0,1.0,1.0,14.766220102303105,HG00120
0.0,1.0,0.0,1.0,1.0,10.867075499230822,HG00120
0.0,0.0,0.0,1.0,1.0,12.480951391343526,HG00120
0.0,0.0,0.0,1.0,1.0,11.260643406046528,HG00120
0.0,0.0,1.0,0.85,1.0,13.683336014965592,HG00121
0.0,1.0,1.0,0.85,1.0,15.018414556388807,HG00121
0.0,0.0,1.0,0.85,1.0,13.361367228321502,HG00121
0.0,1.0,1.0,0.85,1.0,17.35825108250338,HG00121
0.0,0.0,1.0,0.85,1.0,14.460506195238352,HG00121
0.0,0.0,1.0,0.85,1.0,14.29465628885202,HG00121
0.0,0.0,1.0,0.85,1.0,12.70135595695088,HG00121
0.0,1.0,1.0,0.85,1.0,12.986205162584323,HG00121
0.0,1.0,1.0,0.85,1.0,16.14866942607616,HG00121
0.0,1.0,1.0,0.85,1.0,13.05683827179979,HG00121
0.0,1.0,1.0,1.0,2.0,11.021817161850754,HG00122
0.0,0.0,1.0,1.0,2.0,7.992117280457396,HG00122
0.0,0.0,1.0,1.0,2.0,10.600039737890459,HG00122
0.0,0.0,1.0,1.0,2.0,11.32070854822373,HG00122
0.0,1.0,1.0,1.0,2.0,11.31366741060965,HG00122
0.0,0.0,1.0,1.0,2.0,8.50441770288143,HG00122
0.0,0.0,1.0,1.0,2.0,10.877499347961171,HG00122
0.0,1.0,1.0,1.0,2.0,11.448616485695233,HG00122
0.0,1.0,1.0,1.0,2.0,10.528798062867196,HG00122
0.0,0.0,1.0,1.0,2.0,11.127867367683587,HG00122
0.0,0.0,0.0,2.0,0.0,8.3282316995459,HG00123
0.0,0.0,0.0,2.0,0.0,11.345632331843879,HG00123
0.0,0.0,0.0,2.0,0.0,9.21705354954462,HG00123
0.0,0.0,0.0,2.0,0.0,9.219795251719539,HG00123
0.0,0.0,0.0,2.0,0.0,12.393805063792799,HG00123
0.0,1.0,0.0,2.0,0.0,13.05148524153681,HG00123
0.0,1.0,0.0,2.0,0.0,12.456264168149211,HG00123
0.0,0.0,0.0,2.0,0.0,9.266386442791008,HG00123
0.0,1.0,0.0,2.0,0.0,14.419683257136274,HG00123
0.0,0.0,0.0,2.0,0.0,10.801067506911957,HG00123
0.0,0.0,0.0,1.0,2.0,12.19444904510595,HG00124
0.0,0.0,0.0,1.0,2.0,11.848806969978419,HG00124
0.0,0.0,0.0,1.0,2.0,13.945628493769716,HG00124
0.0,1.0,0.0,1.0,2.0,12.838136287463536,HG00124
0.0,0.0,0.0,1.0,2.0,12.883225224499688,HG00124
0.0,1.0,0.0,1.0,2.0,11.869104490119406,HG00124
0.0,1.0,0.0,1.0,2.0,14.343705847310227,HG00124
0.0,1.0,0.0,1.0,2.0,7.507221681082956,HG00124
0.0,0.0,0.0,1.0,2.0,15.848768140646673,HG00124
0.0,1.0,0.0,1.0,2.0,13.033203263595144,HG00124
1.0,1.0,2.0,0.0,1.0,6.997109843877563,HG00125
1.0,0.0,2.0,0.0,1.0,7.509779157036949,HG00125
1.0,1.0,2.0,0.0,1.0,7.573986508415754,HG00125
1.0,0.0,2.0,0.0,1.0,6.113099732835122,HG00125
1.0,0.0,2.0,0.0,1.0,7.0660849857143715,HG00125
1.0,0.0,2.0,0.0,1.0,7.869458825850817,HG00125
1.0,0.0,2.0,0.0,1.0,6.884997858598199,HG00125
1.0,0.0,2.0,0.0,1.0,6.9470401193473466,HG00125
1.0,0.0,2.0,0.0,1.0,6.807915789550199,HG00125
1.0,0.0,2.0,0.0,1.0,6.919301759154825,HG00125
1.0,0.0,1.0,1.0,1.0,8.374733532555856,HG00126
1.0,1.0,1.0,1.0,1.0,7.914387779357454,HG00126
1.0,0.0,1.0,1.0,1.0,9.825806483484353,HG00126
1.0,0.0,1.0,1.0,1.0,9.51429196868609,HG00126
1.0,0.0,1.0,1.0,1.0,8.454094560642002,HG00126
1.0,1.0,1.0,1.0,1.0,7.876349355189997,HG00126
1.0,1.0,1.0,1.0,1.0,10.054541372726662,HG00126
1.0,0.0,1.0,1.0,1.0,8.291065684912049,HG00126
1.0,1.0,1.0,1.0,1.0,8.40295800089649,HG00126
1.0,0.0,1.0,1.0,1.0,9.398045412504354,HG00126
0.0,0.0,1.0,1.0,0.0,9.414045683047274,HG00127
0.0,1.0,1.0,1.0,0.0,12.285542644029402,HG00127
0.0,0.0,1.0,1.0,0.0,11.006892257561239,HG00127
0.0,1.0,1.0,1.0,0.0,10.775253633993668,HG00127
0.0,0.0,1.0,1.0,0.0,10.06174624431046,HG00127
0.0,1.0,1.0,1.0,0.0,11.017571601159574,HG00127
0.0,0.0,1.0,1.0,0.0,10.380517334746994,HG00127
0.0,1.0,1.0,1.0,0.0,12.020633576481686,HG00127
0.0,0.0,1.0,1.0,0.0,12.575719454468041,HG00127
0.0,0.0,1.0,1.0,0.0,11.603012394249332,HG00127
1.0,0.0,0.7,0.0,2.0,10.349226438920727,HG00128
1.0,1.0,0.7,0.0,2.0,10.074521405445541,HG00128
1.0,1.0,0.7,0.0,2.0,8.543815900196448,HG00128
1.0,1.0,0.7,0.0,2.0,7.190141008270132,HG00128
1.0,1.0,0.7,0.0,2.0,9.996509363503028,HG00128
1.0,1.0,0.7,0.0,2.0,6.27879279182822,HG00128
1.0,1.0,0.7,0.0,2.0,5.656374694163958,HG00128
1.0,1.0,0.7,0.0,2.0,8.83281288751539,HG00128
1.0,1.0,0.7,0.0,2.0,9.075026279565302,HG00128
1.0,0.0,0.7,0.0,2.0,7.5347158401299295,HG00128
1.0,1.0,1.0,1.0,0.0,6.083745447755706,HG00129
1.0,1.0,1.0,1.0,0.0,9.554263705742734,HG00129
1.0,1.0,1.0,1.0,0.0,6.155801133321868,HG00129
1.0,1.0,1.0,1.0,0.0,8.616602537682951,HG00129
1.0,1.0,1.0,1.0,0.0,6.826637595861702,HG00129
1.0,0.0,1.0,1.0,0.0,7.698720226502875,HG00129
1.0,1.0,1.0,1.0,0.0,9.322761906587203,HG00129
1.0,0.0,1.0,1.0,0.0,7.1443043002278195,HG00129
1.0,1.0,1.0,1.0,0.0,6.230543070128983,HG00129
1.0,0.0,1.0,1.0,0.0,6.173218902026868,HG00129
0.0,1.0,0.0,2.0,1.0,14.653809575683383,HG00130
0.0,0.0,0.0,2.0,1.0,12.259338058049176,HG00130
0.0,1.0,0.0,2.0,1.0,13.864583582165725,HG00130
0.0,1.0,0.0,2.0,1.0,9.504376080540196,HG00130
0.0,0.0,0.0,2.0,1.0,8.4434317054217,HG00130
0.0,0.0,0.0,2.0,1.0,13.522085042928353,HG00130
0.0,0.0,0.0,2.0,1.0,15.280207169240759,HG00130
0.0,1.0,0.0,2.0,1.0,6.922042107247896,HG00130
0.0,1.0,0.0,2.0,1.0,7.326014827415625,HG00130
0.0,0.0,0.0,2.0,1.0,9.989417188591085,HG00130
1.0,0.0,0.0,1.0,1.0,9.010839729098757,HG00131
1.0,1.0,0.0,1.0,1.0,12.128662695934795,HG00131
1.0,0.0,0.0,1.0,1.0,9.244187965826919,HG00131
1.0,1.0,0.0,1.0,1.0,9.504080831564277,HG00131
1.0,0.0,0.0,1.0,1.0,7.153327413155779,HG00131
1.0,1.0,0.0,1.0,1.0,7.543946891532177,HG00131
1.0,0.0,0.0,1.0,1.0,7.032225231016313,HG00131
1.0,0.0,0.0,1.0,1.0,4.769325233900567,HG00131
1.0,1.0,0.0,1.0,1.0,11.106353283908636,HG00131
1.0,1.0,0.0,1.0,1.0,8.315715334501894,HG00131
0.0,1.0,1.0,1.0,1.0,13.119557779394773,HG00133
0.0,1.0,1.0,1.0,1.0,12.574652848065984,HG00133
0.0,0.0,1.0,1.0,1.0,12.042323870967344,HG00133
0.0,0.0,1.0,1.0,1.0,11.466662583977467,HG00133
0.0,0.0,1.0,1.0,1.0,14.408763109244617,HG00133
0.0,1.0,1.0,1.0,1.0,13.481771880846402,HG00133
0.0,1.0,1.0,1.0,1.0,10.223227613012106,HG00133
0.0,0.0,1.0,1.0,1.0,14.091046411099853,HG00133
0.0,1.0,1.0,1.0,1.0,13.52850507626498,HG00133
0.0,0.0,1.0,1.0,1.0,12.136003475073734,HG00133
0.0,0.0,0.0,2.0,0.2,11.848058664872609,HG00134
0.0,1.0,0.0,2.0,0.2,9.713865642941421,HG00134
0.0,1.0,0.0,2.0,0.2,12.20007111072844,HG00134
0.0,0.0,0.0,2.0,0.2,6.482037618422003,HG00134
0.0,0.0,0.0,2.0,0.2,9.271788693320309,HG00134
0.0,0.0,0.0,2.0,0.2,13.634096990095282,HG00134
0.0,1.0,0.0,2.0,0.2,11.802090560342688,HG00134
0.0,1.0,0.0,2.0,0.2,13.852318354713137,HG00134
0.0,0.0,0.0,2.0,0.2,6.295013806776073,HG00134
0.0,1.0,0.0,2.0,0.2,5.110338522285955,HG00134
0.0,1.0,0.0,1.0,2.0,10.171840390816538,HG00135
0.0,0.0,0.0,1.0,2.0,11.54013790308884,HG00135
0.0,1.0,0.0,1.0,2.0,13.60957639382941,HG00135
0.0,1.0,0.0,1.0,2.0,13.361810081756941,HG00135
0.0,0.0,0.0,1.0,2.0,13.669018857945368,HG00135
0.0,1.0,0.0,1.0,2.0,8.412601635576111,HG00135
0.0,0.0,0.0,1.0,2.0,13.007010090433658,HG00135
0.0,1.0,0.0,1.0,2.0,13.302736028427834,HG00135
0.0,1.0,0.0,1.0,2.0,18.29976338518831,HG00135
0.0,0.0,0.0,1.0,2.0,15.168179277526367,HG00135
0.0,0.0,0.0,2.0,1.0,11.521359341153513,HG00136
0.0,0.0,0.0,2.0,1.0,15.691809069711319,HG00136
0.0,1.0,0.0,2.0,1.0,15.883125712189502,HG00136
0.0,0.0,0.0,2.0,1.0,10.517419956276058,HG00136
0.0,1.0,0.0,2.0,1.0,14.431490299256794,HG00136
0.0,1.0,0.0,2.0,1.0,15.384003073023827,HG00136
0.0,1.0,0.0,2.0,1.0,19.727002702907797,HG00136
0.0,1.0,0.0,2.0,1.0,13.618854487264718,HG00136
0.0,0.0,0.0,2.0,1.0,15.320840790918604,HG00136
0.0,0.0,0.0,2.0,1.0,15.502184070909166,HG00136
0.0,0.0,0.0,2.0,1.0,11.008021543013564,HG00137
0.0,0.0,0.0,2.0,1.0,13.711833380479394,HG00137
0.0,1.0,0.0,2.0,1.0,13.461217942770451,HG00137
0.0,1.0,0.0,2.0,1.0,11.75098756096598,HG00137
0.0,1.0,0.0,2.0,1.0,15.035422285097173,HG00137
0.0,1.0,0.0,2.0,1.0,13.514313014293629,HG00137
0.0,1.0,0.0,2.0,1.0,18.24463103233208,HG00137
0.0,1.0,0.0,2.0,1.0,16.029733627686273,HG00137
0.0,1.0,0.0,2.0,1.0,9.875322367232883,HG00137
0.0,0.0,0.0,2.0,1.0,15.685624421973944,HG00137
1.0,0.0,0.0,2.0,1.0,9.674226024386714,HG00138
1.0,0.0,0.0,2.0,1.0,10.543725105814609,HG00138
1.0,0.0,0.0,2.0,1.0,11.341171727523975,HG00138
1.0,0.0,0.0,2.0,1.0,11.829157664342777,HG00138
1.0,1.0,0.0,2.0,1.0,11.5800988644608,HG00138
1.0,1.0,0.0,2.0,1.0,12.350872814001802,HG00138
1.0,1.0,0.0,2.0,1.0,12.083575639192611,HG00138
1.0,1.0,0.0,2.0,1.0,12.709467420482968,HG00138
1.0,1.0,0.0,2.0,1.0,11.107524383627313,HG00138
1.0,0.0,0.0,2.0,1.0,11.40477082252295,HG00138
1.0,0.0,2.0,0.0,2.0,5.963917751598158,HG00139
1.0,0.0,2.0,0.0,2.0,6.05420243165636,HG00139
1.0,1.0,2.0,0.0,2.0,6.664685740961784,HG00139
1.0,0.0,2.0,0.0,2.0,6.142082271606007,HG00139
1.0,1.0,2.0,0.0,2.0,5.610845480803354,HG00139
1.0,0.0,2.0,0.0,2.0,5.200950001196211,HG00139
1.0,0.0,2.0,0.0,2.0,7.645316155783428,HG00139
1.0,0.0,2.0,0.0,2.0,5.9547770891987,HG00139
1.0,1.0,2.0,0.0,2.0,6.840646018032268,HG00139
1.0,1.0,2.0,0.0,2.0,6.0421339589038,HG00139
1.0,1.0,0.0,2.0,1.0,11.669685026515033,HG00140
1.0,0.0,0.0,2.0,1.0,10.86972285547015,HG00140
1.0,0.0,0.0,2.0,1.0,13.56114194802177,HG00140
1.0,1.0,0.0,2.0,1.0,14.278233088515286,HG00140
1.0,1.0,0.0,2.0,1.0,9.213463416676039,HG00140
1.0,0.0,0.0,2.0,1.0,9.833202825570828,HG00140
1.0,1.0,0.0,2.0,1.0,11.599863184054257,HG00140
1.0,1.0,0.0,2.0,1.0,10.112280100404819,HG00140
1.0,0.0,0.0,2.0,1.0,10.91198648018009,HG00140
1.0,1.0,0.0,2.0,1.0,12.842249515371895,HG00140
1.0,0.0,0.0,1.0,1.0,7.9170060083797225,HG00141
1.0,0.0,0.0,1.0,1.0,7.56603755029838,HG00141
1.0,0.0,0.0,1.0,1.0,7.603154310661867,HG00141
1.0,0.0,0.0,1.0,1.0,11.710512589763066,HG00141
1.0,1.0,0.0,1.0,1.0,5.0362048563949475,HG00141
1.0,0.0,0.0,1.0,1.0,6.990064736926298,HG00141
1.0,1.0,0.0,1.0,1.0,7.860222520848135,HG00141
1.0,0.0,0.0,1.0,1.0,6.868123027957462,HG00141
1.0,1.0,0.0,1.0,1.0,8.305887085644041,HG00141
1.0,0.0,0.0,1.0,1.0,7.018734199142849,HG00141
1.0,0.0,2.0,0.0,2.0,6.0024105339392895,HG00142
1.0,0.0,2.0,0.0,2.0,5.520881521874346,HG00142
1.0,1.0,2.0,0.0,2.0,7.313422937837138,HG00142
1.0,1.0,2.0,0.0,2.0,5.755427465579496,HG00142
1.0,0.0,2.0,0.0,2.0,6.589060250869285,HG00142
1.0,1.0,2.0,0.0,2.0,7.205186064522001,HG00142
1.0,1.0,2.0,0.0,2.0,7.957727647445315,HG00142
1.0,1.0,2.0,0.0,2.0,6.727067611469885,HG00142
1.0,0.0,2.0,0.0,2.0,5.977928355871413,HG00142
1.0,0.0,2.0,0.0,2.0,7.691620579988847,HG00142
0.0,0.0,1.0,2.0,0.0,13.072995498691098,HG00143
0.0,1.0,1.0,2.0,0.0,14.812275779769084,HG00143
0.0,0.0,1.0,2.0,0.0,11.279821472787745,HG00143
0.0,0.0,1.0,2.0,0.0,12.962202176972136,HG00143
0.0,1.0,1.0,2.0,0.0,11.191952918548708,HG00143
0.0,0.0,1.0,2.0,0.0,10.883293575887993,HG00143
0.0,0.0,1.0,2.0,0.0,11.323241861678818,HG00143
0.0,0.0,1.0,2.0,0.0,11.093716223155276,HG00143
0.0,0.0,1.0,2.0,0.0,11.4875335733993,HG00143
0.0,0.0,1.0,2.0,0.0,10.28041328599512,HG00143
1.0,0.0,1.0,1.0,2.0,5.15714704928357,HG00146
1.0,1.0,1.0,1.0,2.0,7.59775980244222,HG00146
1.0,1.0,1.0,1.0,2.0,7.5749959144727255,HG00146
1.0,0.0,1.0,1.0,2.0,7.538477844728938,HG00146
1.0,0.0,1.0,1.0,2.0,7.036197357023724,HG00146
1.0,1.0,1.0,1.0,2.0,8.343092032069165,HG00146
1.0,0.0,1.0,1.0,2.0,6.144029372757685,HG00146
1.0,1.0,1.0,1.0,2.0,8.030341909322381,HG00146
1.0,0.0,1.0,1.0,2.0,5.73451105043797,HG00146
1.0,0.0,1.0,1.0,2.0,6.497633296089477,HG00146
1.0,1.0,2.0,0.0,2.0,7.3188792156077405,HG00148
1.0,0.0,2.0,0.0,2.0,7.978132214225893,HG00148
1.0,0.0,2.0,0.0,2.0,7.91932937048961,HG00148
1.0,0.0,2.0,0.0,2.0,6.736987949721552,HG00148
1.0,1.0,2.0,0.0,2.0,8.76355234117591,HG00148
1.0,0.0,2.0,0.0,2.0,8.342524889463196,HG00148
1.0,0.0,2.0,0.0,2.0,7.7469047474662505,HG00148
1.0,1.0,2.0,0.0,2.0,8.288257946086524,HG00148
1.0,1.0,2.0,0.0,2.0,8.396243059509814,HG00148
1.0,1.0,2.0,0.0,2.0,9.499906211880042,HG00148
1.0,0.0,1.0,0.9,2.0,7.710214221547575,HG00149
1.0,0.0,1.0,0.9,2.0,7.686519298939422,HG00149
1.0,1.0,1.0,0.9,2.0,7.465913381814346,HG00149
1.0,1.0,1.0,0.9,2.0,7.386098908136539,HG00149
1.0,0.0,1.0,0.9,2.0,7.061658150021076,HG00149
1.0,0.0,1.0,0.9,2.0,8.742951233668121,HG00149
1.0,1.0,1.0,0.9,2.0,9.766289676859,HG00149
1.0,0.0,1.0,0.9,2.0,8.81948427990431,HG00149
1.0,1.0,1.0,0.9,2.0,7.023669441491664,HG00149
1.0,0.0,1.0,0.9,2.0,7.636956646272809,HG00149
1.0,1.0,2.0,0.0,0.0,8.61729534983444,HG00150
1.0,1.0,2.0,0.0,0.0,8.944277015657349,HG00150
1.0,0.0,2.0,0.0,0.0,8.82444356929224,HG00150
1.0,1.0,2.0,0.0,0.0,10.29611635852401,HG00150
1.0,1.0,2.0,0.0,0.0,10.044896944274091,HG00150
1.0,1.0,2.0,0.0,0.0,8.724770591702006,HG00150
1.0,0.0,2.0,0.0,0.0,8.274367343094289,HG00150
1.0,1.0,2.0,0.0,0.0,8.990894162731513,HG00150
1.0,1.0,2.0,0.0,0.0,9.638388950038305,HG00150
1.0,0.0,2.0,0.0,0.0,9.616335341283655,HG00150
0.0,0.0,2.0,0.0,0.0,12.323209880033549,HG00151
0.0,0.0,2.0,0.0,0.0,11.831844093068064,HG00151
0.0,0.0,2.0,0.0,0.0,10.992331005443141,HG00151
0.0,1.0,2.0,0.0,0.0,11.460191345870864,HG00151
0.0,1.0,2.0,0.0,0.0,11.527511091135286,HG00151
0.0,0.0,2.0,0.0,0.0,11.548174384329545,HG00151
0.0,1.0,2.0,0.0,0.0,11.821613091375102,HG00151
0.0,1.0,2.0,0.0,0.0,11.116566859697329,HG00151
0.0,0.0,2.0,0.0,0.0,11.159660333440016,HG00151
0.0,0.0,2.0,0.0,0.0,13.157516678633769,HG00151
0.0,0.0,0.0,2.0,2.0,19.73640737465836,HG00152
0.0,0.0,0.0,2.0,2.0,17.53294182891034,HG00152
0.0,0.0,0.0,2.0,2.0,19.30094780446621,HG00152
0.0,0.0,0.0,2.0,2.0,16.313585232121643,HG00152
0.0,1.0,0.0,2.0,2.0,19.651098251476803,HG00152
0.0,1.0,0.0,2.0,2.0,18.670105372922983,HG00152
0.0,1.0,0.0,2.0,2.0,15.511765570651685,HG00152
0.0,1.0,0.0,2.0,2.0,17.884999847057188,HG00152
0.0,0.0,0.0,2.0,2.0,14.616952098159235,HG00152
0.0,1.0,0.0,2.0,2.0,17.468061856018803,HG00152
1.0,1.0,2.0,0.0,1.0,10.19081112269397,HG00154
1.0,1.0,2.0,0.0,1.0,8.398078322039265,HG00154
1.0,0.0,2.0,0.0,1.0,8.020167494216421,HG00154
1.0,1.0,2.0,0.0,1.0,9.815690446805206,HG00154
1.0,0.0,2.0,0.0,1.0,8.666662140655275,HG00154
1.0,1.0,2.0,0.0,1.0,9.362940625816924,HG00154
1.0,1.0,2.0,0.0,1.0,7.94292875632219,HG00154
1.0,0.0,2.0,0.0,1.0,9.067909691750982,HG00154
1.0,0.0,2.0,0.0,1.0,8.62237149101874,HG00154
1.0,1.0,2.0,0.0,1.0,10.38032378992628,HG00154
1.0,0.0,1.0,0.0,1.0,7.732844758341078,HG00155
1.0,1.0,1.0,0.0,1.0,8.928445341257552,HG00155
1.0,1.0,1.0,0.0,1.0,10.922419189489162,HG00155
1.0,0.0,1.0,0.0,1.0,8.226310752646421,HG00155
1.0,1.0,1.0,0.0,1.0,10.382446345287283,HG00155
1.0,0.0,1.0,0.0,1.0,8.422916093601522,HG00155
1.0,0.0,1.0,0.0,1.0,7.73872753467762,HG00155
1.0,0.0,1.0,0.0,1.0,7.277634795412451,HG00155
1.0,1.0,1.0,0.0,1.0,9.225378890479732,HG00155
1.0,0.0,1.0,0.0,1.0,8.02088514648771,HG00155
0.0,1.0,2.0,0.0,1.95,10.052018881650246,HG00156
0.0,1.0,2.0,0.0,1.95,7.771229749401232,HG00156
0.0,0.0,2.0,0.0,1.95,10.95900998471986,HG00156
0.0,0.0,2.0,0.0,1.95,9.611838455153315,HG00156
0.0,0.0,2.0,0.0,1.95,8.813365971427167,HG00156
0.0,0.0,2.0,0.0,1.95,9.456004255465546,HG00156
0.0,0.0,2.0,0.0,1.95,8.185573869559004,HG00156
0.0,1.0,2.0,0.0,1.95,10.087570710370166,HG00156
0.0,0.0,2.0,0.0,1.95,9.187484419728083,HG00156
0.0,1.0,2.0,0.0,1.95,8.84591469563316,HG00156
1.0,1.0,1.0,1.0,2.0,10.220501882464882,HG00158
1.0,1.0,1.0,1.0,2.0,13.031673160983708,HG00158
1.0,1.0,1.0,1.0,2.0,11.438308992756332,HG00158
1.0,0.0,1.0,1.0,2.0,10.936992621580384,HG00158
1.0,1.0,1.0,1.0,2.0,11.000930416859019,HG00158
1.0,1.0,1.0,1.0,2.0,9.932945359573464,HG00158
1.0,0.0,1.0,1.0,2.0,8.251721932682562,HG00158
1.0,1.0,1.0,1.0,2.0,9.155714033673709,HG00158
1.0,1.0,1.0,1.0,2.0,6.624084310920983,HG00158
1.0,0.0,1.0,1.0,2.0,7.777270853820291,HG00158
0.0,1.0,1.0,1.0,1.0,6.222486869019405,HG00159
0.0,1.0,1.0,1.0,1.0,11.136823950888555,HG00159
0.0,1.0,1.0,1.0,1.0,11.401571489220194,HG00159
0.0,0.0,1.0,1.0,1.0,10.802332949651868,HG00159
0.0,0.0,1.0,1.0,1.0,11.03967799718686,HG00159
0.0,1.0,1.0,1.0,1.0,9.492165635004248,HG00159
0.0,0.0,1.0,1.0,1.0,10.745669944374617,HG00159
0.0,1.0,1.0,1.0,1.0,12.824755437762178,HG00159
0.0,0.0,1.0,1.0,1.0,11.862182263225042,HG00159
0.0,0.0,1.0,1.0,1.0,9.549047846537173,HG00159
0.0,0.0,0.0,2.0,1.0,12.664489372287333,HG00160
0.0,1.0,0.0,2.0,1.0,18.541601064420064,HG00160
0.0,0.0,0.0,2.0,1.0,13.457756441813391,HG00160
0.0,0.0,0.0,2.0,1.0,12.81767929216225,HG00160
0.0,1.0,0.0,2.0,1.0,11.94257577672422,HG00160
0.0,1.0,0.0,2.0,1.0,16.666443630385313,HG00160
0.0,0.0,0.0,2.0,1.0,17.094465915669126,HG00160
0.0,1.0,0.0,2.0,1.0,16.151062383383117,HG00160
0.0,0.0,0.0,2.0,1.0,14.026648396954517,HG00160
0.0,1.0,0.0,2.0,1.0,11.561762598973663,HG00160
1.0,1.0,0.0,1.0,1.0,10.356802615703206,HG00171
1.0,1.0,0.0,1.0,1.0,10.169665489396595,HG00171
1.0,1.0,0.0,1.0,1.0,8.883355634093089,HG00171
1.0,0.0,0.0,1.0,1.0,8.92321452297719,HG00171
1.0,0.0,0.0,1.0,1.0,8.538142888149562,HG00171
1.0,1.0,0.0,1.0,1.0,5.8430842447688995,HG00171
1.0,0.0,0.0,1.0,1.0,7.245466869882796,HG00171
1.0,0.0,0.0,1.0,1.0,6.583820315672114,HG00171
1.0,0.0,0.0,1.0,1.0,7.3677566950033295,HG00171
1.0,1.0,0.0,1.0,1.0,10.1707157408476,HG00171
0.0,0.0,1.0,1.0,2.0,9.309132816331848,HG00173
0.0,1.0,1.0,1.0,2.0,10.249302347104882,HG00173
0.0,0.0,1.0,1.0,2.0,9.510392690926661,HG00173
0.0,0.0,1.0,1.0,2.0,10.324129188072762,HG00173
0.0,0.0,1.0,1.0,2.0,10.562073390847653,HG00173
0.0,1.0,1.0,1.0,2.0,12.55575939467425,HG00173
0.0,1.0,1.0,1.0,2.0,11.028748141010535,HG00173
0.0,1.0,1.0,1.0,2.0,11.8922140818919,HG00173
0.0,0.0,1.0,1.0,2.0,12.382392628734657,HG00173
0.0,1.0,1.0,1.0,2.0,9.896382167797888,HG00173
0.0,0.0,1.0,1.0,2.0,13.06589334022205,HG00174
0.0,0.0,1.0,1.0,2.0,13.683255958843203,HG00174
0.0,1.0,1.0,1.0,2.0,11.980131741307417,HG00174
0.0,1.0,1.0,1.0,2.0,14.460177218144063,HG00174
0.0,0.0,1.0,1.0,2.0,9.586945485083355,HG00174
0.0,0.0,1.0,1.0,2.0,14.034801254360397,HG00174
0.0,1.0,1.0,1.0,2.0,10.832509905835893,HG00174
0.0,1.0,1.0,1.0,2.0,11.644586044121215,HG00174
0.0,1.0,1.0,1.0,2.0,14.8358762302576,HG00174
0.0,0.0,1.0,1.0,2.0,11.699134411135875,HG00174
0.0,0.0,2.0,0.0,1.0,12.529518734542226,HG00176
0.0,0.0,2.0,0.0,1.0,13.029209691686102,HG00176
0.0,1.0,2.0,0.0,1.0,13.844389049222297,HG00176
0.0,1.0,2.0,0.0,1.0,13.248572555273777,HG00176
0.0,1.0,2.0,0.0,1.0,14.625967709715688,HG00176
0.0,0.0,2.0,0.0,1.0,13.671442172442852,HG00176
0.0,1.0,2.0,0.0,1.0,14.210256857591204,HG00176
0.0,0.0,2.0,0.0,1.0,13.513760054758038,HG00176
0.0,0.0,2.0,0.0,1.0,13.649833554274167,HG00176
0.0,1.0,2.0,0.0,1.0,12.683794319746593,HG00176
0.0,0.0,0.0,2.0,1.0,12.689724528698385,HG00177
0.0,1.0,0.0,2.0,1.0,12.73747321569925,HG00177
0.0,1.0,0.0,2.0,1.0,10.496802924714602,HG00177
0.0,0.0,0.0,2.0,1.0,12.487330111173277,HG00177
0.0,0.0,0.0,2.0,1.0,10.81352491338178,HG00177
0.0,1.0,0.0,2.0,1.0,4.8379986740098255,HG00177
0.0,0.0,0.0,2.0,1.0,11.34427226986507,HG00177
0.0,0.0,0.0,2.0,1.0,13.382253843894595,HG00177
0.0,1.0,0.0,2.0,1.0,11.362223462725098,HG00177
0.0,0.0,0.0,2.0,1.0,10.463162104248951,HG00177
1.0,0.0,0.0,2.0,1.0,8.977937798102671,HG00178
1.0,0.0,0.0,2.0,1.0,12.539923329375341,HG00178
1.0,0.0,0.0,2.0,1.0,9.408958991355071,HG00178
1.0,0.0,0.0,2.0,1.0,11.49454135831091,HG00178
1.0,1.0,0.0,2.0,1.0,12.071100460921548,HG00178
1.0,1.0,0.0,2.0,1.0,9.375333342037996,HG00178
1.0,1.0,0.0,2.0,1.0,13.608727627461462,HG00178
1.0,1.0,0.0,2.0,1.0,10.546955552795346,HG00178
1.0,1.0,0.0,2.0,1.0,8.759849052507327,HG00178
1.0,1.0,0.0,2.0,1.0,13.271468404272117,HG00178
1.0,1.0,1.0,1.0,0.0,10.329664152259522,HG00179
1.0,0.0,1.0,1.0,0.0,9.863710018263134,HG00179
1.0,1.0,1.0,1.0,0.0,12.833268353568286,HG00179
1.0,1.0,1.0,1.0,0.0,10.27969220634904,HG00179
1.0,1.0,1.0,1.0,0.0,9.095989055491557,HG00179
1.0,1.0,1.0,1.0,0.0,8.03627384121491,HG00179
1.0,1.0,1.0,1.0,0.0,8.650974568869522,HG00179
1.0,0.0,1.0,1.0,0.0,8.614999137254868,HG00179
1.0,0.0,1.0,1.0,0.0,10.358505488456807,HG00179
1.0,1.0,1.0,1.0,0.0,9.210984095561386,HG00179
1.0,1.0,0.0,2.0,0.0,6.203325798086079,HG00180
1.0,1.0,0.0,2.0,0.0,8.719910209212893,HG00180
1.0,1.0,0.0,2.0,0.0,7.531979117548789,HG00180
1.0,1.0,0.0,2.0,0.0,7.153771455436583,HG00180
1.0,0.0,0.0,2.0,0.0,6.716603504388172,HG00180
1.0,1.0,0.0,2.0,0.0,10.824822282178467,HG00180
1.0,1.0,0.0,2.0,0.0,5.081045127494274,HG00180
1.0,1.0,0.0,2.0,0.0,8.815010824791772,HG00180
1.0,1.0,0.0,2.0,0.0,8.606173743238385,HG00180
1.0,0.0,0.0,2.0,0.0,5.957762377986816,HG00180
1.0,1.0,2.0,0.0,2.0,8.524945289947055,HG00182
1.0,0.0,2.0,0.0,2.0,7.6895835652188,HG00182
1.0,0.0,2.0,0.0,2.0,8.348046882861436,HG00182
1.0,0.0,2.0,0.0,2.0,8.264838080050957,HG00182
1.0,0.0,2.0,0.0,2.0,7.965097060273775,HG00182
1.0,1.0,2.0,0.0,2.0,8.874447358750501,HG00182
1.0,1.0,2.0,0.0,2.0,6.24760578434803,HG00182
1.0,1.0,2.0,0.0,2.0,9.378836105110992,HG00182
1.0,1.0,2.0,0.0,2.0,9.482885370515154,HG00182
1.0,1.0,2.0,0.0,2.0,9.176617726897955,HG00182
0.0,1.0,1.0,1.0,0.0,10.009219565735844,HG00183
0.0,1.0,1.0,1.0,0.0,9.644232646550204,HG00183
0.0,0.0,1.0,1.0,0.0,12.477979371936554,HG00183
0.0,1.0,1.0,1.0,0.0,10.25980522851066,HG00183
0.0,0.0,1.0,1.0,0.0,11.268073441971495,HG00183
0.0,0.0,1.0,1.0,0.0,12.151600674268252,HG00183
0.0,1.0,1.0,1.0,0.0,11.7331071421699,HG00183
0.0,0.0,1.0,1.0,0.0,11.613441746171777,HG00183
0.0,1.0,1.0,1.0,0.0,9.990781512823927,HG00183
0.0,0.0,1.0,1.0,0.0,10.794900917847883,HG00183
1.0,1.0,0.9,1.0,1.0,11.948732942304133,HG00185
1.0,1.0,0.9,1.0,1.0,8.550595489202903,HG00185
1.0,0.0,0.9,1.0,1.0,10.074184763063869,HG00185
1.0,1.0,0.9,1.0,1.0,10.48453690080848,HG00185
1.0,0.0,0.9,1.0,1.0,8.772784664743831,HG00185
1.0,0.0,0.9,1.0,1.0,8.751376564082246,HG00185
1.0,0.0,0.9,1.0,1.0,9.349351508025503,HG00185
1.0,1.0,0.9,1.0,1.0,10.862918022339132,HG00185
1.0,0.0,0.9,1.0,1.0,9.305290317272677,HG00185
1.0,0.0,0.9,1.0,1.0,11.797118700411039,HG00185
0.0,1.0,0.0,1.95,1.0,13.855899766878753,HG00186
0.0,1.0,0.0,1.95,1.0,10.3176868195969,HG00186
0.0,1.0,0.0,1.95,1.0,12.099008875613954,HG00186
0.0,1.0,0.0,1.95,1.0,10.62597071331402,HG00186
0.0,1.0,0.0,1.95,1.0,8.670381214120198,HG00186
0.0,0.0,0.0,1.95,1.0,14.212166262320746,HG00186
0.0,0.0,0.0,1.95,1.0,14.450091180977157,HG00186
0.0,0.0,0.0,1.95,1.0,10.304540189354345,HG00186
0.0,1.0,0.0,1.95,1.0,10.577113328550013,HG00186
0.0,0.0,0.0,1.95,1.0,12.38277672835863,HG00186
1.0,1.0,1.0,1.0,0.0,11.449572192369354,HG00187
1.0,1.0,1.0,1.0,0.0,11.160162800582874,HG00187
1.0,0.0,1.0,1.0,0.0,9.84767992695005,HG00187
1.0,0.0,1.0,1.0,0.0,11.128143317720863,HG00187
1.0,1.0,1.0,1.0,0.0,12.206933414573495,HG00187
1.0,0.0,1.0,1.0,0.0,13.398556217287126,HG00187
1.0,0.0,1.0,1.0,0.0,12.198776355974386,HG00187
1.0,1.0,1.0,1.0,0.0,12.071969235868245,HG00187
1.0,1.0,1.0,1.0,0.0,11.340007750844165,HG00187
1.0,1.0,1.0,1.0,0.0,10.602954168960917,HG00187
1.0,1.0,0.0,2.0,2.0,12.529446171074449,HG00188
1.0,1.0,0.0,2.0,2.0,15.553119959545128,HG00188
1.0,0.0,0.0,2.0,2.0,11.561112238549837,HG00188
1.0,1.0,0.0,2.0,2.0,11.495398582427867,HG00188
1.0,1.0,0.0,2.0,2.0,10.458174000253239,HG00188
1.0,0.0,0.0,2.0,2.0,12.803262076818784,HG00188
1.0,1.0,0.0,2.0,2.0,11.774155370849195,HG00188
1.0,0.0,0.0,2.0,2.0,11.54634831323687,HG00188
1.0,1.0,0.0,2.0,2.0,12.718751735058513,HG00188
1.0,0.0,0.0,2.0,2.0,9.216498130806178,HG00188
1.0,1.0,1.0,1.0,1.0,8.266379169443207,HG00189
1.0,0.0,1.0,1.0,1.0,6.322258975244836,HG00189
1.0,1.0,1.0,1.0,1.0,8.567241443301672,HG00189
1.0,0.0,1.0,1.0,1.0,6.003948544183328,HG00189
1.0,0.0,1.0,1.0,1.0,6.330997926907257,HG00189
1.0,0.0,1.0,1.0,1.0,7.321421425997636,HG00189
1.0,1.0,1.0,1.0,1.0,8.556014847355016,HG00189
1.0,0.0,1.0,1.0,1.0,5.7861322190408675,HG00189
1.0,1.0,1.0,1.0,1.0,9.026527767866824,HG00189
1.0,1.0,1.0,1.0,1.0,6.61065123043957,HG00189
0.0,0.0,1.0,1.05,0.0,11.77820034326162,HG00190
0.0,1.0,1.0,1.05,0.0,14.51545193435079,HG00190
0.0,0.0,1.0,1.05,0.0,11.993057056577378,HG00190
0.0,0.0,1.0,1.05,0.0,12.584865011935046,HG00190
0.0,0.0,1.0,1.05,0.0,12.494981538890325,HG00190
0.0,1.0,1.0,1.05,0.0,15.190146243185222,HG00190
0.0,0.0,1.0,1.05,0.0,13.18674708471881,HG00190
0.0,1.0,1.0,1.05,0.0,10.539395762954479,HG00190
0.0,0.0,1.0,1.05,0.0,11.186306896564103,HG00190
0.0,1.0,1.0,1.05,0.0,11.617060693497795,HG00190
1.0,0.0,1.0,1.0,1.0,8.781538572420303,HG00231
1.0,1.0,1.0,1.0,1.0,5.767375989916356,HG00231
1.0,0.0,1.0,1.0,1.0,7.604305601025268,HG00231
1.0,0.0,1.0,1.0,1.0,6.879385915177545,HG00231
1.0,1.0,1.0,1.0,1.0,7.236984560055539,HG00231
1.0,1.0,1.0,1.0,1.0,10.979492607944797,HG00231
1.0,0.0,1.0,1.0,1.0,6.353859839575314,HG00231
1.0,0.0,1.0,1.0,1.0,8.139955452974391,HG00231
1.0,1.0,1.0,1.0,1.0,11.213338105577984,HG00231
1.0,1.0,1.0,1.0,1.0,8.771828556271224,HG00231
0.0,0.0,1.05,1.0,0.95,12.41789179080826,HG00232
0.0,1.0,1.05,1.0,0.95,11.096743487897747,HG00232
0.0,0.0,1.05,1.0,0.95,10.225303107645797,HG00232
0.0,0.0,1.05,1.0,0.95,10.540501491076931,HG00232
0.0,0.0,1.05,1.0,0.95,13.343186121210223,HG00232
0.0,0.0,1.05,1.0,0.95,13.2736574647672,HG00232
0.0,1.0,1.05,1.0,0.95,11.370599385122167,HG00232
0.0,0.0,1.05,1.0,0.95,12.054467470092115,HG00232
0.0,0.0,1.05,1.0,0.95,12.089861811285472,HG00232
0.0,1.0,1.05,1.0,0.95,9.93876717246825,HG00232
1.0,0.0,1.0,1.0,0.0,10.802801403284471,HG00233
1.0,1.0,1.0,1.0,0.0,9.829040745964893,HG00233
1.0,0.0,1.0,1.0,0.0,10.4478951185389,HG00233
1.0,0.0,1.0,1.0,0.0,9.876795143805088,HG00233
1.0,0.0,1.0,1.0,0.0,10.678984678486819,HG00233
1.0,0.0,1.0,1.0,0.0,10.089764364304,HG00233
1.0,1.0,1.0,1.0,0.0,10.639465424562868,HG00233
1.0,1.0,1.0,1.0,0.0,10.523090225142079,HG00233
1.0,1.0,1.0,1.0,0.0,9.61310347800756,HG00233
1.0,0.0,1.0,1.0,0.0,10.507137428898428,HG00233
1.0,1.0,0.0,2.0,0.0,8.413175068371809,HG00234
1.0,0.0,0.0,2.0,0.0,12.478482361205964,HG00234
1.0,1.0,0.0,2.0,0.0,13.933309046075125,HG00234
1.0,1.0,0.0,2.0,0.0,14.018921537745198,HG00234
1.0,0.0,0.0,2.0,0.0,13.805346734326548,HG00234
1.0,1.0,0.0,2.0,0.0,12.461770951485098,HG00234
1.0,1.0,0.0,2.0,0.0,15.6346598793835,HG00234
1.0,1.0,0.0,2.0,0.0,10.268057368367248,HG00234
1.0,1.0,0.0,2.0,0.0,8.413182844597642,HG00234
1.0,1.0,0.0,2.0,0.0,12.634152585661461,HG00234
1.0,0.0,0.0,1.0,1.0,8.79622478031829,HG00235
1.0,0.0,0.0,1.0,1.0,10.84763495818173,HG00235
1.0,0.0,0.0,1.0,1.0,9.993969259965468,HG00235
1.0,0.0,0.0,1.0,1.0,7.465206608745012,HG00235
1.0,0.0,0.0,1.0,1.0,6.624139990053913,HG00235
1.0,1.0,0.0,1.0,1.0,9.041395155674874,HG00235
1.0,1.0,0.0,1.0,1.0,8.327239565807684,HG00235
1.0,1.0,0.0,1.0,1.0,8.866821460719475,HG00235
1.0,1.0,0.0,1.0,1.0,10.826288670859277,HG00235
1.0,0.0,0.0,1.0,1.0,9.09633693388121,HG00235
0.0,1.0,1.0,1.0,0.0,10.736076793316784,HG00236
0.0,0.0,1.0,1.0,0.0,13.296067909834665,HG00236
0.0,1.0,1.0,1.0,0.0,12.905322156146822,HG00236
0.0,0.0,1.0,1.0,0.0,11.507257735125188,HG00236
0.0,1.0,1.0,1.0,0.0,13.07397349218659,HG00236
0.0,0.0,1.0,1.0,0.0,13.302516098019389,HG00236
0.0,0.0,1.0,1.0,0.0,14.047885033424556,HG00236
0.0,1.0,1.0,1.0,0.0,12.952088831708517,HG00236
0.0,0.0,1.0,1.0,0.0,12.554169692865774,HG00236
0.0,0.0,1.0,1.0,0.0,11.796233026131274,HG00236
0.0,0.0,2.0,0.0,2.0,14.582106685859625,HG00237
0.0,0.0,2.0,0.0,2.0,13.22551241302575,HG00237
0.0,1.0,2.0,0.0,2.0,14.497491134874622,HG00237
0.0,1.0,2.0,0.0,2.0,12.330370592438875,HG00237
0.0,0.0,2.0,0.0,2.0,12.725906609055947,HG00237
0.0,0.0,2.0,0.0,2.0,12.629249709050493,HG00237
0.0,1.0,2.0,0.0,2.0,14.105522775984555,HG00237
0.0,0.0,2.0,0.0,2.0,12.92532974714619,HG00237
0.0,0.0,2.0,0.0,2.0,13.852831530567915,HG00237
0.0,1.0,2.0,0.0,2.0,14.777387599603275,HG00237
0.0,1.0,0.0,1.0,2.0,10.867923808215227,HG00238
0.0,0.0,0.0,1.0,2.0,11.016225489449365,HG00238
0.0,1.0,0.0,1.0,2.0,12.496677088023164,HG00238
0.0,0.0,0.0,1.0,2.0,11.023201667276822,HG00238
0.0,1.0,0.0,1.0,2.0,9.736883700892598,HG00238
0.0,0.0,0.0,1.0,2.0,13.044768603133823,HG00238
0.0,1.0,0.0,1.0,2.0,12.167394168111036,HG00238
0.0,1.0,0.0,1.0,2.0,12.695499904240906,HG00238
0.0,1.0,0.0,1.0,2.0,14.431110688171978,HG00238
0.0,0.0,0.0,1.0,2.0,12.286654902823733,HG00238
0.0,1.0,1.0,1.0,0.0,15.39756835361891,HG00239
0.0,0.0,1.0,1.0,0.0,12.48201305242643,HG00239
0.0,1.0,1.0,1.0,0.0,14.058833346062011,HG00239
0.0,0.0,1.0,1.0,0.0,13.7870479960171,HG00239
0.0,0.0,1.0,1.0,0.0,13.3749036064555,HG00239
0.0,1.0,1.0,1.0,0.0,16.198180254467484,HG00239
0.0,1.0,1.0,1.0,0.0,12.694484987265605,HG00239
0.0,0.0,1.0,1.0,0.0,16.444414679631066,HG00239
0.0,0.0,1.0,1.0,0.0,12.28422002964789,HG00239
0.0,1.0,1.0,1.0,0.0,13.633274241728843,HG00239
1.0,1.0,0.0,1.1,2.0,8.126807095575039,HG00240
1.0,0.0,0.0,1.1,2.0,8.207583402186996,HG00240
1.0,1.0,0.0,1.1,2.0,7.410105014427879,HG00240
1.0,1.0,0.0,1.1,2.0,10.887721956375763,HG00240
1.0,0.0,0.0,1.1,2.0,8.282608792696715,HG00240
1.0,0.0,0.0,1.1,2.0,6.593094402457277,HG00240
1.0,1.0,0.0,1.1,2.0,9.487336781603046,HG00240
1.0,1.0,0.0,1.1,2.0,7.457722357584625,HG00240
1.0,0.0,0.0,1.1,2.0,5.410340919868263,HG00240
1.0,0.0,0.0,1.1,2.0,6.937606544436155,HG00240
0.0,0.0,0.0,2.0,1.0,14.569281438334713,HG00242
0.0,1.0,0.0,2.0,1.0,20.03450641193614,HG00242
0.0,1.0,0.0,2.0,1.0,15.987132707867785,HG00242
0.0,1.0,0.0,2.0,1.0,17.683527297918996,HG00242
0.0,1.0,0.0,2.0,1.0,12.617789442444378,HG00242
0.0,1.0,0.0,2.0,1.0,13.596012405742886,HG00242
0.0,1.0,0.0,2.0,1.0,11.135805937083862,HG00242
0.0,0.0,0.0,2.0,1.0,13.005173605212434,HG00242
0.0,0.0,0.0,2.0,1.0,15.750860304449814,HG00242
0.0,1.0,0.0,2.0,1.0,13.385669457963322,HG00242
0.0,1.0,0.95,1.0,1.0,11.22814413453479,HG00243
0.0,0.0,0.95,1.0,1.0,12.083847595798536,HG00243
0.0,0.0,0.95,1.0,1.0,10.579792125585001,HG00243
0.0,0.0,0.95,1.0,1.0,9.085325598080944,HG00243
0.0,0.0,0.95,1.0,1.0,9.986623803314206,HG00243
0.0,1.0,0.95,1.0,1.0,11.65388934246123,HG00243
0.0,0.0,0.95,1.0,1.0,12.593842810062943,HG00243
0.0,0.0,0.95,1.0,1.0,10.040724185758902,HG00243
0.0,1.0,0.95,1.0,1.0,11.251360276364444,HG00243
0.0,0.0,0.95,1.0,1.0,9.105782359629584,HG00243
1.0,0.0,0.0,2.0,1.0,7.338565917514796,HG00244
1.0,0.0,0.0,2.0,1.0,8.048075473944131,HG00244
1.0,1.0,0.0,2.0,1.0,12.54701899571792,HG00244
1.0,1.0,0.0,2.0,1.0,13.090394225649849,HG00244
1.0,0.0,0.0,2.0,1.0,8.900902805471663,HG00244
1.0,0.0,0.0,2.0,1.0,7.004636348834902,HG00244
1.0,1.0,0.0,2.0,1.0,5.407924203752389,HG00244
1.0,0.0,0.0,2.0,1.0,6.777289398343536,HG00244
1.0,0.0,0.0,2.0,1.0,8.93680070325738,HG00244
1.0,1.0,0.0,2.0,1.0,7.869920509934724,HG00244
0.0,0.0,1.0,1.0,2.0,12.215296002716753,HG00245
0.0,1.0,1.0,1.0,2.0,12.279901581373547,HG00245
0.0,0.0,1.0,1.0,2.0,11.866498224483914,HG00245
0.0,1.0,1.0,1.0,2.0,12.399027731586969,HG00245
0.0,1.0,1.0,1.0,2.0,11.705162811385554,HG00245
0.0,0.0,1.0,1.0,2.0,11.452479114785584,HG00245
0.0,1.0,1.0,1.0,2.0,12.475170778501028,HG00245
0.0,0.0,1.0,1.0,2.0,13.59872765446681,HG00245
0.0,1.0,1.0,1.0,2.0,13.12752249511878,HG00245
0.0,1.0,1.0,1.0,2.0,9.033557528063044,HG00245
0.0,0.0,1.9,0.0,1.0,8.315369114085732,HG00246
0.0,1.0,1.9,0.0,1.0,9.764634272443011,HG00246
0.0,1.0,1.9,0.0,1.0,9.072504349359026,HG00246
0.0,1.0,1.9,0.0,1.0,9.20690629885246,HG00246
0.0,1.0,1.9,0.0,1.0,9.18754935032004,HG00246
0.0,1.0,1.9,0.0,1.0,11.630667059842004,HG00246
0.0,1.0,1.9,0.0,1.0,7.61209202835264,HG00246
0.0,1.0,1.9,0.0,1.0,8.604099912244997,HG00246
0.0,1.0,1.9,0.0,1.0,9.41368577595238,HG00246
0.0,0.0,1.9,0.0,1.0,8.967717869084115,HG00246
0.0,1.0,2.0,0.0,1.0,13.645242297648677,HG00247
0.0,0.0,2.0,0.0,1.0,13.715974390960914,HG00247
0.0,1.0,2.0,0.0,1.0,12.523682527765043,HG00247
0.0,0.0,2.0,0.0,1.0,11.887960003536513,HG00247
0.0,1.0,2.0,0.0,1.0,13.789255630414623,HG00247
0.0,0.0,2.0,0.0,1.0,12.117972863721269,HG00247
0.0,1.0,2.0,0.0,1.0,14.56917091868932,HG00247
0.0,0.0,2.0,0.0,1.0,13.153585747819722,HG00247
0.0,0.0,2.0,0.0,1.0,13.50496651899101,HG00247
0.0,1.0,2.0,0.0,1.0,13.17131968072515,HG00247
0.0,1.0,0.9,1.0,2.0,13.507471130724097,HG00249
0.0,1.0,0.9,1.0,2.0,9.722786040702752,HG00249
0.0,1.0,0.9,1.0,2.0,12.04452768136457,HG00249
0.0,1.0,0.9,1.0,2.0,7.9132029341962635,HG00249
0.0,1.0,0.9,1.0,2.0,10.695139909242958,HG00249
0.0,0.0,0.9,1.0,2.0,10.273614190606422,HG00249
0.0,0.0,0.9,1.0,2.0,12.451282077469832,HG00249
0.0,0.0,0.9,1.0,2.0,10.56894138932519,HG00249
0.0,1.0,0.9,1.0,2.0,12.326452996579631,HG00249
0.0,1.0,0.9,1.0,2.0,12.414155584303002,HG00249
1.0,1.0,1.0,1.0,1.0,10.821164664848094,HG00250
1.0,0.0,1.0,1.0,1.0,8.385267534391982,HG00250
1.0,1.0,1.0,1.0,1.0,8.40868980395144,HG00250
1.0,1.0,1.0,1.0,1.0,10.034721565695527,HG00250
1.0,1.0,1.0,1.0,1.0,8.555289658559971,HG00250
1.0,1.0,1.0,1.0,1.0,7.198830545672004,HG00250
1.0,1.0,1.0,1.0,1.0,9.820722111894112,HG00250
1.0,0.0,1.0,1.0,1.0,8.297819367976835,HG00250
1.0,0.0,1.0,1.0,1.0,8.896829616109375,HG00250
1.0,0.0,1.0,1.0,1.0,9.933968670275197,HG00250
0.0,1.0,0.0,1.0,2.0,13.640063712687983,HG00251
0.0,0.0,0.0,1.0,2.0,13.927036782981984,HG00251
0.0,1.0,0.0,1.0,2.0,10.658985337133123,HG00251
0.0,1.0,0.0,1.0,2.0,11.661960970345003,HG00251
0.0,0.0,0.0,1.0,2.0,11.8813543008291,HG00251
0.0,1.0,0.0,1.0,2.0,13.1216177877068,HG00251
0.0,1.0,0.0,1.0,2.0,8.337650852678237,HG00251
0.0,0.0,0.0,1.0,2.0,10.641798919534102,HG00251
0.0,1.0,0.0,1.0,2.0,14.95879754803378,HG00251
0.0,1.0,0.0,1.0,2.0,10.099243269842386,HG00251
1.0,1.0,1.0,1.0,1.0,10.791389738781827,HG00252
1.0,1.0,1.0,1.0,1.0,11.14660490920392,HG00252
1.0,0.0,1.0,1.0,1.0,10.525324184208912,HG00252
1.0,0.0,1.0,1.0,1.0,9.16408246534649,HG00252
1.0,1.0,1.0,1.0,1.0,8.525265738703798,HG00252
1.0,1.0,1.0,1.0,1.0,10.728109905505736,HG00252
1.0,1.0,1.0,1.0,1.0,9.52876181979212,HG00252
1.0,0.0,1.0,1.0,1.0,9.897608215214952,HG00252
1.0,0.0,1.0,1.0,1.0,9.59915380029958,HG00252
1.0,1.0,1.0,1.0,1.0,10.645605039724467,HG00252
0.0,0.0,0.0,1.0,2.0,11.065703605144813,HG00253
0.0,0.0,0.0,1.0,2.0,6.878672905788903,HG00253
0.0,0.0,0.0,1.0,2.0,10.568148793878898,HG00253
0.0,0.0,0.0,1.0,2.0,10.718428428303612,HG00253
0.0,1.0,0.0,1.0,2.0,13.675283291115859,HG00253
0.0,1.0,0.0,1.0,2.0,9.098829408081233,HG00253
0.0,1.0,0.0,1.0,2.0,10.893347755504976,HG00253
0.0,0.0,0.0,1.0,2.0,11.550474327753637,HG00253
0.0,0.0,0.0,1.0,2.0,10.817788651003557,HG00253
0.0,1.0,0.0,1.0,2.0,11.390872436669644,HG00253
0.0,0.0,0.0,1.0,2.0,12.085026529231731,HG00254
0.0,1.0,0.0,1.0,2.0,16.383346989654274,HG00254
0.0,0.0,0.0,1.0,2.0,17.197952292588056,HG00254
0.0,0.0,0.0,1.0,2.0,12.923845952735292,HG00254
0.0,1.0,0.0,1.0,2.0,12.378294042810934,HG00254
0.0,0.0,0.0,1.0,2.0,11.590376363117866,HG00254
0.0,1.0,0.0,1.0,2.0,16.092273652862712,HG00254
0.0,0.0,0.0,1.0,2.0,13.493729355322136,HG00254
0.0,0.0,0.0,1.0,2.0,14.898210029870603,HG00254
0.0,0.0,0.0,1.0,2.0,13.384906657817169,HG00254
1.0,0.0,1.0,0.9,1.0,7.570698316648777,HG00255
1.0,1.0,1.0,0.9,1.0,7.7822332319018415,HG00255
1.0,0.0,1.0,0.9,1.0,8.559664522293142,HG00255
1.0,1.0,1.0,0.9,1.0,7.843276432955378,HG00255
1.0,1.0,1.0,0.9,1.0,8.612525272682591,HG00255
1.0,0.0,1.0,0.9,1.0,5.7232920782794015,HG00255
1.0,0.0,1.0,0.9,1.0,9.669757981542883,HG00255
1.0,0.0,1.0,0.9,1.0,8.397319566753547,HG00255
1.0,0.0,1.0,0.9,1.0,6.4360339195782625,HG00255
1.0,0.0,1.0,0.9,1.0,9.487505308721262,HG00255
1.0,0.0,1.95,1.0,1.0,10.03774604875482,HG00256
1.0,1.0,1.95,1.0,1.0,8.205091313989401,HG00256
1.0,1.0,1.95,1.0,1.0,9.896646511966338,HG00256
1.0,0.0,1.95,1.0,1.0,10.33173732201721,HG00256
1.0,1.0,1.95,1.0,1.0,8.411558799297246,HG00256
1.0,0.0,1.95,1.0,1.0,11.416294883464566,HG00256
1.0,1.0,1.95,1.0,1.0,11.811029278694557,HG00256
1.0,1.0,1.95,1.0,1.0,9.191805977125869,HG00256
1.0,1.0,1.95,1.0,1.0,10.447120556309384,HG00256
1.0,1.0,1.95,1.0,1.0,11.692516515720182,HG00256
0.0,1.0,0.0,2.0,1.0,13.14077283996043,HG00257
0.0,0.0,0.0,2.0,1.0,18.32238426146596,HG00257
0.0,1.0,0.0,2.0,1.0,17.466825254591562,HG00257
0.0,0.0,0.0,2.0,1.0,12.603527524480238,HG00257
0.0,1.0,0.0,2.0,1.0,13.539166930967438,HG00257
0.0,1.0,0.0,2.0,1.0,17.098097915744017,HG00257
0.0,1.0,0.0,2.0,1.0,9.889129189283992,HG00257
0.0,0.0,0.0,2.0,1.0,14.466096068157007,HG00257
0.0,1.0,0.0,2.0,1.0,15.278042675832117,HG00257
0.0,1.0,0.0,2.0,1.0,14.356460411028577,HG00257
1.0,1.0,2.0,0.0,1.0,9.15053402932574,HG00258
1.0,1.0,2.0,0.0,1.0,7.907425339027038,HG00258
1.0,0.0,2.0,0.0,1.0,8.606867857827144,HG00258
1.0,0.0,2.0,0.0,1.0,7.901775790802087,HG00258
1.0,0.0,2.0,0.0,1.0,9.503755099651812,HG00258
1.0,1.0,2.0,0.0,1.0,10.17897408686823,HG00258
1.0,0.0,2.0,0.0,1.0,10.672080813513064,HG00258
1.0,0.0,2.0,0.0,1.0,9.18631427394068,HG00258
1.0,1.0,2.0,0.0,1.0,8.512758214090539,HG00258
1.0,0.0,2.0,0.0,1.0,9.710558078433085,HG00258
0.0,0.0,1.0,1.0,1.0,10.804207991685013,HG00259
0.0,1.0,1.0,1.0,1.0,10.157916785377042,HG00259
0.0,0.0,1.0,1.0,1.0,10.846704456851937,HG00259
0.0,1.0,1.0,1.0,1.0,11.536736361835901,HG00259
0.0,0.0,1.0,1.0,1.0,10.832942611133888,HG00259
0.0,0.0,1.0,1.0,1.0,11.022410153659957,HG00259
0.0,1.0,1.0,1.0,1.0,15.098313142043192,HG00259
0.0,0.0,1.0,1.0,1.0,10.913224482120444,HG00259
0.0,0.0,1.0,1.0,1.0,10.088002104161117,HG00259
0.0,1.0,1.0,1.0,1.0,9.929938285441906,HG00259
1.0,0.0,1.0,1.0,2.0,4.636244260779987,HG00260
1.0,1.0,1.0,1.0,2.0,5.109366830521969,HG00260
1.0,1.0,1.0,1.0,2.0,9.406721321445229,HG00260
1.0,0.0,1.0,1.0,2.0,7.91574435062037,HG00260
1.0,0.0,1.0,1.0,2.0,9.765438124211189,HG00260
1.0,0.0,1.0,1.0,2.0,8.592793094889052,HG00260
1.0,1.0,1.0,1.0,2.0,9.060354021163826,HG00260
1.0,0.0,1.0,1.0,2.0,8.907325061270736,HG00260
1.0,0.0,1.0,1.0,2.0,7.138029884452625,HG00260
1.0,0.0,1.0,1.0,2.0,6.726350018438534,HG00260
0.0,1.0,0.0,1.95,2.0,13.208444552506707,HG00261
0.0,0.0,0.0,1.95,2.0,13.005972920629162,HG00261
0.0,0.0,0.0,1.95,2.0,16.254146906136878,HG00261
0.0,1.0,0.0,1.95,2.0,15.745347762681202,HG00261
0.0,1.0,0.0,1.95,2.0,13.578581768492302,HG00261
0.0,1.0,0.0,1.95,2.0,14.944745566851365,HG00261
0.0,0.0,0.0,1.95,2.0,14.774612020713128,HG00261
0.0,0.0,0.0,1.95,2.0,13.430174372349416,HG00261
0.0,0.0,0.0,1.95,2.0,12.569302391770222,HG00261
0.0,1.0,0.0,1.95,2.0,13.809215529020792,HG00261
0.0,0.0,0.0,2.0,0.0,11.927979746954325,HG00262
0.0,0.0,0.0,2.0,0.0,9.947735083496624,HG00262
0.0,1.0,0.0,2.0,0.0,13.174400797128529,HG00262
0.0,0.0,0.0,2.0,0.0,10.782178902063206,HG00262
0.0,1.0,0.0,2.0,0.0,15.819753551861824,HG00262
0.0,1.0,0.0,2.0,0.0,15.000815169452817,HG00262
0.0,0.0,0.0,2.0,0.0,9.67230970504195,HG00262
0.0,1.0,0.0,2.0,0.0,13.199248915950914,HG00262
0.0,1.0,0.0,2.0,0.0,15.877932822315321,HG00262
0.0,1.0,0.0,2.0,0.0,10.618762566954125,HG00262
1.0,1.0,1.0,1.0,2.0,9.1489777716489,HG00263
1.0,0.0,1.0,1.0,2.0,7.307176014973396,HG00263
1.0,1.0,1.0,1.0,2.0,6.998184552474459,HG00263
1.0,1.0,1.0,1.0,2.0,10.188394351793605,HG00263
1.0,1.0,1.0,1.0,2.0,12.156254708999747,HG00263
1.0,1.0,1.0,1.0,2.0,10.763196234322537,HG00263
1.0,0.0,1.0,1.0,2.0,9.197090670261161,HG00263
1.0,1.0,1.0,1.0,2.0,8.811150246508516,HG00263
1.0,1.0,1.0,1.0,2.0,9.206674094768237,HG00263
1.0,0.0,1.0,1.0,2.0,8.34421938995707,HG00263
0.0,1.0,2.0,0.0,0.95,11.017695968243382,HG00264
0.0,1.0,2.0,0.0,0.95,9.256860105007222,HG00264
0.0,0.0,2.0,0.0,0.95,10.926428113890603,HG00264
0.0,0.0,2.0,0.0,0.95,12.04921440857981,HG00264
0.0,0.0,2.0,0.0,0.95,10.353334791320986,HG00264
0.0,0.0,2.0,0.0,0.95,9.589533542506455,HG00264
0.0,0.0,2.0,0.0,0.95,9.236243289428447,HG00264
0.0,1.0,2.0,0.0,0.95,10.702878141840742,HG00264
0.0,0.0,2.0,0.0,0.95,10.961463797487975,HG00264
0.0,1.0,2.0,0.0,0.95,9.765114301160374,HG00264
1.0,1.0,0.0,1.0,1.0,12.102498133309401,HG00265
1.0,1.0,0.0,1.0,1.0,9.704064130107154,HG00265
1.0,1.0,0.0,1.0,1.0,7.563857362050612,HG00265
1.0,0.0,0.0,1.0,1.0,10.493258809541,HG00265
1.0,0.0,0.0,1.0,1.0,8.644743233887159,HG00265
1.0,0.0,0.0,1.0,1.0,9.251872364548662,HG00265
1.0,0.0,0.0,1.0,1.0,10.27975552070879,HG00265
1.0,1.0,0.0,1.0,1.0,7.507619170932177,HG00265
1.0,1.0,0.0,1.0,1.0,9.194411911961542,HG00265
1.0,0.0,0.0,1.0,1.0,8.687387587759705,HG00265
1.0,1.0,1.0,1.0,0.0,8.917210738093653,HG00266
1.0,1.0,1.0,1.0,0.0,10.3608030562381,HG00266
1.0,1.0,1.0,1.0,0.0,9.393885405542832,HG00266
1.0,0.0,1.0,1.0,0.0,11.271777899407894,HG00266
1.0,0.0,1.0,1.0,0.0,10.012260372128582,HG00266
1.0,1.0,1.0,1.0,0.0,9.889875081887956,HG00266
1.0,1.0,1.0,1.0,0.0,12.715166851293619,HG00266
1.0,1.0,1.0,1.0,0.0,10.878955609086837,HG00266
1.0,1.0,1.0,1.0,0.0,10.368296266705576,HG00266
1.0,0.0,1.0,1.0,0.0,11.408938683089097,HG00266
0.0,1.0,0.0,2.0,1.0,16.919763683111725,HG00267
0.0,0.0,0.0,2.0,1.0,15.277919492521118,HG00267
0.0,0.0,0.0,2.0,1.0,17.225527050394533,HG00267
0.0,0.0,0.0,2.0,1.0,15.269075333156994,HG00267
0.0,0.0,0.0,2.0,1.0,18.973605574279294,HG00267
0.0,1.0,0.0,2.0,1.0,16.32799024261825,HG00267
0.0,1.0,0.0,2.0,1.0,17.57243184753688,HG00267
0.0,0.0,0.0,2.0,1.0,13.061611199788675,HG00267
0.0,0.0,0.0,2.0,1.0,17.14799859329538,HG00267
0.0,1.0,0.0,2.0,1.0,17.734961515640524,HG00267
0.0,0.0,1.0,0.0,1.0,11.664222298774803,HG00268
0.0,1.0,1.0,0.0,1.0,11.984257847710184,HG00268
0.0,0.0,1.0,0.0,1.0,11.537899795315923,HG00268
0.0,1.0,1.0,0.0,1.0,11.509787255590219,HG00268
0.0,0.0,1.0,0.0,1.0,10.951135082541226,HG00268
0.0,0.0,1.0,0.0,1.0,11.557315569549152,HG00268
0.0,1.0,1.0,0.0,1.0,11.598994874519141,HG00268
0.0,0.0,1.0,0.0,1.0,11.241567621119362,HG00268
0.0,0.0,1.0,0.0,1.0,10.888112828253686,HG00268
0.0,1.0,1.0,0.0,1.0,11.073757829594927,HG00268
0.0,0.0,0.0,2.0,2.0,12.78928565833123,HG00269
0.0,0.0,0.0,2.0,2.0,10.360907628965787,HG00269
0.0,0.0,0.0,2.0,2.0,10.320974596796331,HG00269
0.0,0.0,0.0,2.0,2.0,14.452331004130109,HG00269
0.0,0.0,0.0,2.0,2.0,10.542904650730522,HG00269
0.0,1.0,0.0,2.0,2.0,18.200271042749243,HG00269
0.0,0.0,0.0,2.0,2.0,11.935222108771068,HG00269
0.0,1.0,0.0,2.0,2.0,18.802986878586516,HG00269
0.0,1.0,0.0,2.0,2.0,18.716156487588737,HG00269
0.0,0.0,0.0,2.0,2.0,11.489538168696242,HG00269
0.0,1.0,2.0,1.0,1.0,11.997797442829768,HG00270
0.0,0.0,2.0,1.0,1.0,10.9523184127267,HG00270
0.0,1.0,2.0,1.0,1.0,11.432711986929316,HG00270
0.0,0.0,2.0,1.0,1.0,9.069541343636153,HG00270
0.0,0.0,2.0,1.0,1.0,7.929778061292565,HG00270
0.0,0.0,2.0,1.0,1.0,8.925508985567975,HG00270
0.0,1.0,2.0,1.0,1.0,9.681584780199053,HG00270
0.0,1.0,2.0,1.0,1.0,10.193375588459046,HG00270
0.0,1.0,2.0,1.0,1.0,8.379109282624912,HG00270
0.0,0.0,2.0,1.0,1.0,12.257731140108351,HG00270
1.0,1.0,1.0,1.0,1.0,8.411404570926148,HG00271
1.0,1.0,1.0,1.0,1.0,6.918771910450685,HG00271
1.0,1.0,1.0,1.0,1.0,11.096220189647974,HG00271
1.0,0.0,1.0,1.0,1.0,8.355415354052127,HG00271
1.0,1.0,1.0,1.0,1.0,10.719295567439525,HG00271
1.0,1.0,1.0,1.0,1.0,6.440244335962264,HG00271
1.0,0.0,1.0,1.0,1.0,8.285128523631268,HG00271
1.0,1.0,1.0,1.0,1.0,7.747071717895006,HG00271
1.0,0.0,1.0,1.0,1.0,7.623441878324688,HG00271
1.0,0.0,1.0,1.0,1.0,7.621617234331225,HG00271
1.0,0.0,1.0,0.0,2.0,8.21185797227655,HG00272
1.0,1.0,1.0,0.0,2.0,9.014418619997906,HG00272
1.0,1.0,1.0,0.0,2.0,8.125740232319686,HG00272
1.0,1.0,1.0,0.0,2.0,7.885272084002054,HG00272
1.0,1.0,1.0,0.0,2.0,7.525210204770242,HG00272
1.0,1.0,1.0,0.0,2.0,7.003116768681135,HG00272
1.0,1.0,1.0,0.0,2.0,7.62599141753587,HG00272
1.0,1.0,1.0,0.0,2.0,8.44415091202751,HG00272
1.0,0.0,1.0,0.0,2.0,7.053201874906468,HG00272
1.0,1.0,1.0,0.0,2.0,6.4826547488855955,HG00272
1.0,0.0,0.0,2.0,1.0,15.50095567730941,HG00273
1.0,1.0,0.0,2.0,1.0,18.07272024443141,HG00273
1.0,0.0,0.0,2.0,1.0,12.504424551886494,HG00273
1.0,1.0,0.0,2.0,1.0,16.222283623747586,HG00273
1.0,0.0,0.0,2.0,1.0,12.232154230631643,HG00273
1.0,1.0,0.0,2.0,1.0,11.764127518453481,HG00273
1.0,0.0,0.0,2.0,1.0,12.045115398765983,HG00273
1.0,0.0,0.0,2.0,1.0,16.714203646271915,HG00273
1.0,1.0,0.0,2.0,1.0,13.683775573720943,HG00273
1.0,0.0,0.0,2.0,1.0,12.270102258924592,HG00273
0.0,0.0,1.0,1.0,0.0,10.670789958621768,HG00274
0.0,1.0,1.0,1.0,0.0,13.867768633212126,HG00274
0.0,0.0,1.0,1.0,0.0,7.542282043845516,HG00274
0.0,0.0,1.0,1.0,0.0,9.278367128178909,HG00274
0.0,1.0,1.0,1.0,0.0,11.057940614309745,HG00274
0.0,1.0,1.0,1.0,0.0,11.43715896019058,HG00274
0.0,0.0,1.0,1.0,0.0,9.343040511250729,HG00274
0.0,0.0,1.0,1.0,0.0,10.29914702140173,HG00274
0.0,0.0,1.0,1.0,0.0,11.628405768150659,HG00274
0.0,0.0,1.0,1.0,0.0,8.962172052170118,HG00274
1.0,1.0,0.0,2.0,1.0,10.694179883651687,HG00275
1.0,1.0,0.0,2.0,1.0,10.061316994679173,HG00275
1.0,0.0,0.0,2.0,1.0,6.999115352155842,HG00275
1.0,1.0,0.0,2.0,1.0,7.506681840824929,HG00275
1.0,1.0,0.0,2.0,1.0,10.961133588073704,HG00275
1.0,1.0,0.0,2.0,1.0,7.842240480935498,HG00275
1.0,1.0,0.0,2.0,1.0,7.080201763271902,HG00275
1.0,0.0,0.0,2.0,1.0,8.266033990839212,HG00275
1.0,0.0,0.0,2.0,1.0,9.12870508433574,HG00275
1.0,0.0,0.0,2.0,1.0,9.985591816156383,HG00275
1.0,0.0,1.0,1.0,2.0,11.073167769932962,HG00276
1.0,1.0,1.0,1.0,2.0,12.310742245590095,HG00276
1.0,0.0,1.0,1.0,2.0,10.303595814329844,HG00276
1.0,0.0,1.0,1.0,2.0,10.323345200889166,HG00276
1.0,0.0,1.0,1.0,2.0,9.780302444393831,HG00276
1.0,1.0,1.0,1.0,2.0,11.488191347318327,HG00276
1.0,0.0,1.0,1.0,2.0,10.947676424762637,HG00276
1.0,0.0,1.0,1.0,2.0,10.361017092524062,HG00276
1.0,1.0,1.0,1.0,2.0,10.127480283421153,HG00276
1.0,1.0,1.0,1.0,2.0,10.42189957007643,HG00276
1.0,1.0,0.05,2.0,1.0,8.398391422187247,HG00277
1.0,1.0,0.05,2.0,1.0,8.420019625563524,HG00277
1.0,1.0,0.05,2.0,1.0,7.181806569677958,HG00277
1.0,0.0,0.05,2.0,1.0,8.208605672747176,HG00277
1.0,1.0,0.05,2.0,1.0,6.700285685901692,HG00277
1.0,1.0,0.05,2.0,1.0,9.336735681105337,HG00277
1.0,0.0,0.05,2.0,1.0,7.682985617105098,HG00277
1.0,1.0,0.05,2.0,1.0,9.454446966422976,HG00277
1.0,0.0,0.05,2.0,1.0,7.418874310641772,HG00277
1.0,1.0,0.05,2.0,1.0,10.50906851837999,HG00277
1.0,0.0,1.0,1.0,1.0,12.56493558125289,HG00278
1.0,0.0,1.0,1.0,1.0,10.84136366427878,HG00278
1.0,0.0,1.0,1.0,1.0,10.339574654324178,HG00278
1.0,1.0,1.0,1.0,1.0,11.347310516605193,HG00278
1.0,1.0,1.0,1.0,1.0,13.662668879525183,HG00278
1.0,0.0,1.0,1.0,1.0,11.725264880487163,HG00278
1.0,1.0,1.0,1.0,1.0,10.856211657762382,HG00278
1.0,0.0,1.0,1.0,1.0,12.038874044632458,HG00278
1.0,1.0,1.0,1.0,1.0,11.417475061328007,HG00278
1.0,1.0,1.0,1.0,1.0,12.496750946929101,HG00278
0.0,1.0,0.0,2.0,0.05,14.166348925027313,HG00280
0.0,0.0,0.0,2.0,0.05,13.59630046762428,HG00280
0.0,0.0,0.0,2.0,0.05,12.816058038631683,HG00280
0.0,1.0,0.0,2.0,0.05,11.60364006237118,HG00280
0.0,1.0,0.0,2.0,0.05,14.249938744761609,HG00280
0.0,0.0,0.0,2.0,0.05,14.634366387246963,HG00280
0.0,1.0,0.0,2.0,0.05,13.271128373437687,HG00280
0.0,1.0,0.0,2.0,0.05,15.275499617823519,HG00280
0.0,1.0,0.0,2.0,0.05,19.369650287708993,HG00280
0.0,1.0,0.0,2.0,0.05,12.674129027900369,HG00280
1.0,0.0,0.0,2.0,0.0,11.155476062134484,HG00281
1.0,1.0,0.0,2.0,0.0,15.298441934938683,HG00281
1.0,0.0,0.0,2.0,0.0,13.556473760414129,HG00281
1.0,1.0,0.0,2.0,0.0,11.954289344769586,HG00281
1.0,0.0,0.0,2.0,0.0,11.048097450097726,HG00281
1.0,1.0,0.0,2.0,0.0,9.527695100805797,HG00281
1.0,1.0,0.0,2.0,0.0,9.291365919019526,HG00281
1.0,0.0,0.0,2.0,0.0,10.650045072343108,HG00281
1.0,1.0,0.0,2.0,0.0,10.88756611204621,HG00281
1.0,1.0,0.0,2.0,0.0,10.828262748651083,HG00281
1.0,1.0,1.0,1.0,0.0,11.89913962774361,HG00282
1.0,0.0,1.0,1.0,0.0,10.32622251894825,HG00282
1.0,1.0,1.0,1.0,0.0,11.17396834145919,HG00282
1.0,0.0,1.0,1.0,0.0,9.629083818387961,HG00282
1.0,1.0,1.0,1.0,0.0,11.09595420706006,HG00282
1.0,1.0,1.0,1.0,0.0,9.913472217232322,HG00282
1.0,1.0,1.0,1.0,0.0,9.443655585922311,HG00282
1.0,1.0,1.0,1.0,0.0,8.378791162372444,HG00282
1.0,1.0,1.0,1.0,0.0,12.40196655262935,HG00282
1.0,1.0,1.0,1.0,0.0,8.715005154242,HG00282
0.0,1.0,1.0,1.0,1.0,12.170694387383948,HG00284
0.0,1.0,1.0,1.0,1.0,9.939615188634075,HG00284
0.0,1.0,1.0,1.0,1.0,8.749909247901364,HG00284
0.0,0.0,1.0,1.0,1.0,10.857496021940381,HG00284
0.0,1.0,1.0,1.0,1.0,8.521059959757432,HG00284
0.0,1.0,1.0,1.0,1.0,10.189234316490285,HG00284
0.0,0.0,1.0,1.0,1.0,10.278929134759563,HG00284
0.0,0.0,1.0,1.0,1.0,11.027690395850035,HG00284
0.0,0.0,1.0,1.0,1.0,10.413972718818128,HG00284
0.0,0.0,1.0,1.0,1.0,10.08620726669982,HG00284
1.0,1.0,1.0,1.0,0.0,6.822078450179591,HG00285
1.0,1.0,1.0,1.0,0.0,7.446871753945933,HG00285
1.0,0.0,1.0,1.0,0.0,8.339523876643987,HG00285
1.0,1.0,1.0,1.0,0.0,9.883477402468188,HG00285
1.0,0.0,1.0,1.0,0.0,6.247962075478388,HG00285
1.0,1.0,1.0,1.0,0.0,9.099297854666014,HG00285
1.0,1.0,1.0,1.0,0.0,10.120509037020904,HG00285
1.0,1.0,1.0,1.0,0.0,7.69680248142887,HG00285
1.0,0.0,1.0,1.0,0.0,8.762657045403408,HG00285
1.0,1.0,1.0,1.0,0.0,8.763215776264527,HG00285
0.0,1.0,1.0,1.0,1.15,12.107724049197902,HG00306
0.0,1.0,1.0,1.0,1.15,12.839317804609918,HG00306
0.0,0.0,1.0,1.0,1.15,12.880488030171747,HG00306
0.0,0.0,1.0,1.0,1.15,12.745898248233024,HG00306
0.0,0.0,1.0,1.0,1.15,11.267950929369215,HG00306
0.0,1.0,1.0,1.0,1.15,11.733139098022557,HG00306
0.0,1.0,1.0,1.0,1.15,10.203333836818349,HG00306
0.0,0.0,1.0,1.0,1.15,13.53381856061494,HG00306
0.0,1.0,1.0,1.0,1.15,14.727069101698476,HG00306
0.0,0.0,1.0,1.0,1.15,11.51345554759214,HG00306
1.0,1.0,0.0,1.0,1.0,10.725192791860144,HG00309
1.0,0.0,0.0,1.0,1.0,10.009968507866724,HG00309
1.0,1.0,0.0,1.0,1.0,11.596628258369549,HG00309
1.0,0.0,0.0,1.0,1.0,9.02585067166927,HG00309
1.0,1.0,0.0,1.0,1.0,6.590130576197518,HG00309
1.0,1.0,0.0,1.0,1.0,8.97613227832447,HG00309
1.0,0.0,0.0,1.0,1.0,8.657350679206795,HG00309
1.0,0.0,0.0,1.0,1.0,8.608242831401217,HG00309
1.0,1.0,0.0,1.0,1.0,6.358035323383517,HG00309
1.0,1.0,0.0,1.0,1.0,13.095485667858602,HG00309
1.0,1.0,1.0,1.0,1.0,10.087827277084736,HG00310
1.0,1.0,1.0,1.0,1.0,9.80929314938218,HG00310
1.0,0.0,1.0,1.0,1.0,8.4563914838346,HG00310
1.0,0.0,1.0,1.0,1.0,7.768902326211145,HG00310
1.0,0.0,1.0,1.0,1.0,10.49564409308475,HG00310
1.0,1.0,1.0,1.0,1.0,9.20622585661356,HG00310
1.0,1.0,1.0,1.0,1.0,12.67734858655916,HG00310
1.0,1.0,1.0,1.0,1.0,9.815432368749098,HG00310
1.0,0.0,1.0,1.0,1.0,9.783534728497434,HG00310
1.0,1.0,1.0,1.0,1.0,10.450154996980793,HG00310
0.0,1.0,0.0,2.0,0.0,11.229718956933889,HG00311
0.0,0.0,0.0,2.0,0.0,13.249853377376722,HG00311
0.0,1.0,0.0,2.0,0.0,14.118187827001567,HG00311
0.0,0.0,0.0,2.0,0.0,11.318670575674751,HG00311
0.0,0.0,0.0,2.0,0.0,9.88623553793819,HG00311
0.0,1.0,0.0,2.0,0.0,15.452719692305026,HG00311
0.0,1.0,0.0,2.0,0.0,12.120105161848366,HG00311
0.0,1.0,0.0,2.0,0.0,5.896614676485095,HG00311
0.0,1.0,0.0,2.0,0.0,12.342054788075627,HG00311
0.0,1.0,0.0,2.0,0.0,10.798813106631012,HG00311
0.0,0.0,0.0,2.0,0.0,14.472593125601737,HG00312
0.0,1.0,0.0,2.0,0.0,17.570749559296853,HG00312
0.0,1.0,0.0,2.0,0.0,13.959187138348195,HG00312
0.0,1.0,0.0,2.0,0.0,14.487242305340454,HG00312
0.0,0.0,0.0,2.0,0.0,16.395008578892572,HG00312
0.0,1.0,0.0,2.0,0.0,19.5404498529004,HG00312
0.0,0.0,0.0,2.0,0.0,17.20359781881437,HG00312
0.0,0.0,0.0,2.0,0.0,17.50211687962942,HG00312
0.0,0.0,0.0,2.0,0.0,18.38697133981197,HG00312
0.0,0.0,0.0,2.0,0.0,15.04106134098551,HG00312
0.0,1.0,1.0,0.0,1.0,8.069771619880624,HG00313
0.0,0.0,1.0,0.0,1.0,8.450909627750397,HG00313
0.0,1.0,1.0,0.0,1.0,8.182654764974496,HG00313
0.0,0.0,1.0,0.0,1.0,9.43198622477729,HG00313
0.0,1.0,1.0,0.0,1.0,9.78137338721432,HG00313
0.0,1.0,1.0,0.0,1.0,8.917009129426125,HG00313
0.0,0.0,1.0,0.0,1.0,9.709519899517893,HG00313
0.0,1.0,1.0,0.0,1.0,10.471227472533478,HG00313
0.0,1.0,1.0,0.0,1.0,8.9884685171813,HG00313
0.0,1.0,1.0,0.0,1.0,8.882908647540026,HG00313
0.0,0.0,2.0,0.0,0.0,11.474541968417167,HG00315
0.0,0.0,2.0,0.0,0.0,10.315825323183098,HG00315
0.0,0.0,2.0,0.0,0.0,11.00210734545604,HG00315
0.0,1.0,2.0,0.0,0.0,11.46177298181809,HG00315
0.0,1.0,2.0,0.0,0.0,11.521796739587653,HG00315
0.0,1.0,2.0,0.0,0.0,11.610479418908596,HG00315
0.0,1.0,2.0,0.0,0.0,11.964296690036534,HG00315
0.0,1.0,2.0,0.0,0.0,12.174802799559508,HG00315
0.0,1.0,2.0,0.0,0.0,12.318221919698049,HG00315
0.0,1.0,2.0,0.0,0.0,11.705016342644068,HG00315
1.0,0.0,1.0,1.0,1.0,10.546737691113082,HG00318
1.0,0.0,1.0,1.0,1.0,10.283699273399307,HG00318
1.0,1.0,1.0,1.0,1.0,12.599695213877194,HG00318
1.0,0.0,1.0,1.0,1.0,10.714197931005828,HG00318
1.0,1.0,1.0,1.0,1.0,10.403539763499143,HG00318
1.0,1.0,1.0,1.0,1.0,11.939049327344227,HG00318
1.0,0.0,1.0,1.0,1.0,10.535050024374137,HG00318
1.0,0.0,1.0,1.0,1.0,10.55767198358244,HG00318
1.0,1.0,1.0,1.0,1.0,12.267172485874156,HG00318
1.0,1.0,1.0,1.0,1.0,8.833606868341654,HG00318
0.0,0.0,1.0,1.0,1.15,13.510457222753221,HG00319
0.0,1.0,1.0,1.0,1.15,10.03121109818859,HG00319
0.0,0.0,1.0,1.0,1.15,9.729336102702394,HG00319
0.0,1.0,1.0,1.0,1.15,11.143065405238772,HG00319
0.0,1.0,1.0,1.0,1.15,12.711698470218021,HG00319
0.0,1.0,1.0,1.0,1.15,9.59320167553549,HG00319
0.0,0.0,1.0,1.0,1.15,12.641959788387771,HG00319
0.0,0.0,1.0,1.0,1.15,10.173707818431842,HG00319
0.0,0.0,1.0,1.0,1.15,13.02825574456009,HG00319
0.0,0.0,1.0,1.0,1.15,13.968049851637508,HG00319
1.0,1.0,0.75,1.0,1.0,10.276177788041835,HG00320
1.0,1.0,0.75,1.0,1.0,8.900444175307218,HG00320
1.0,0.0,0.75,1.0,1.0,10.011902119594108,HG00320
1.0,0.0,0.75,1.0,1.0,9.99266797770282,HG00320
1.0,0.0,0.75,1.0,1.0,8.836504738712007,HG00320
1.0,1.0,0.75,1.0,1.0,10.690336821037068,HG00320
1.0,0.0,0.75,1.0,1.0,9.792912609205015,HG00320
1.0,0.0,0.75,1.0,1.0,9.032112330683596,HG00320
1.0,1.0,0.75,1.0,1.0,10.281305341498946,HG00320
1.0,0.0,0.75,1.0,1.0,8.759100783731903,HG00320
0.0,1.0,0.0,2.0,0.0,11.848035751986245,HG00321
0.0,0.0,0.0,2.0,0.0,12.79109811060516,HG00321
0.0,1.0,0.0,2.0,0.0,17.2647414827105,HG00321
0.0,0.0,0.0,2.0,0.0,15.656242684758476,HG00321
0.0,1.0,0.0,2.0,0.0,11.252726953796632,HG00321
0.0,1.0,0.0,2.0,0.0,12.591264172891897,HG00321
0.0,0.0,0.0,2.0,0.0,13.61856923684456,HG00321
0.0,0.0,0.0,2.0,0.0,13.092081776870955,HG00321
0.0,0.0,0.0,2.0,0.0,12.756123685174336,HG00321
0.0,1.0,0.0,2.0,0.0,15.31055596263976,HG00321
1.0,0.0,0.0,1.0,1.0,7.782237362212467,HG00323
1.0,1.0,0.0,1.0,1.0,7.126569984607983,HG00323
1.0,0.0,0.0,1.0,1.0,5.088857612473201,HG00323
1.0,1.0,0.0,1.0,1.0,12.344143762028295,HG00323
1.0,1.0,0.0,1.0,1.0,9.79059239819411,HG00323
1.0,1.0,0.0,1.0,1.0,12.167158958835671,HG00323
1.0,0.0,0.0,1.0,1.0,10.144810179082157,HG00323
1.0,1.0,0.0,1.0,1.0,8.197246678990213,HG00323
1.0,0.0,0.0,1.0,1.0,11.047965061383163,HG00323
1.0,0.0,0.0,1.0,1.0,8.474624107382116,HG00323
0.0,0.0,2.0,0.0,2.0,10.578208154061446,HG00324
0.0,0.0,2.0,0.0,2.0,9.26369816492309,HG00324
0.0,0.0,2.0,0.0,2.0,8.953041774459184,HG00324
0.0,0.0,2.0,0.0,2.0,9.08841584145746,HG00324
0.0,1.0,2.0,0.0,2.0,9.692458949100903,HG00324
0.0,1.0,2.0,0.0,2.0,10.266030548874866,HG00324
0.0,1.0,2.0,0.0,2.0,9.16298839040502,HG00324
0.0,0.0,2.0,0.0,2.0,7.63703538147542,HG00324
0.0,0.0,2.0,0.0,2.0,11.20181612820981,HG00324
0.0,1.0,2.0,0.0,2.0,11.186241648249354,HG00324
0.0,0.0,0.0,1.0,2.0,10.72450695110102,HG00325
0.0,0.0,0.0,1.0,2.0,16.00647779785019,HG00325
0.0,1.0,0.0,1.0,2.0,14.585185967483493,HG00325
0.0,1.0,0.0,1.0,2.0,14.686124538889153,HG00325
0.0,0.0,0.0,1.0,2.0,17.07019235489235,HG00325
0.0,1.0,0.0,1.0,2.0,13.941577870687743,HG00325
0.0,0.0,0.0,1.0,2.0,11.104844418547527,HG00325
0.0,1.0,0.0,1.0,2.0,11.292852760816816,HG00325
0.0,0.0,0.0,1.0,2.0,14.361537580663763,HG00325
0.0,0.0,0.0,1.0,2.0,13.908337663527965,HG00325
0.0,0.0,0.0,1.0,1.0,11.83988437245933,HG00326
0.0,1.0,0.0,1.0,1.0,15.577731680138918,HG00326
0.0,0.0,0.0,1.0,1.0,8.103054633723254,HG00326
0.0,1.0,0.0,1.0,1.0,9.213970922127983,HG00326
0.0,0.0,0.0,1.0,1.0,13.24899622305392,HG00326
0.0,1.0,0.0,1.0,1.0,11.772843665085487,HG00326
0.0,1.0,0.0,1.0,1.0,12.355821401652166,HG00326
0.0,1.0,0.0,1.0,1.0,8.478893325156251,HG00326
0.0,1.0,0.0,1.0,1.0,13.526601480162432,HG00326
0.0,1.0,0.0,1.0,1.0,11.324406526050874,HG00326
0.0,1.0,1.0,1.0,0.0,13.489943740333512,HG00327
0.0,0.0,1.0,1.0,0.0,14.975478600234224,HG00327
0.0,1.0,1.0,1.0,0.0,14.897112921773468,HG00327
0.0,1.0,1.0,1.0,0.0,14.187494320951545,HG00327
0.0,1.0,1.0,1.0,0.0,14.73394990263061,HG00327
0.0,1.0,1.0,1.0,0.0,15.360170332670409,HG00327
0.0,0.0,1.0,1.0,0.0,13.290586780367018,HG00327
0.0,0.0,1.0,1.0,0.0,12.310729371874277,HG00327
0.0,0.0,1.0,1.0,0.0,12.666006198674285,HG00327
0.0,0.0,1.0,1.0,0.0,13.692848368003649,HG00327
0.0,1.0,0.0,1.0,1.05,8.959683526084515,HG00328
0.0,1.0,0.0,1.0,1.05,11.492292663065564,HG00328
0.0,0.0,0.0,1.0,1.05,9.360701119298362,HG00328
0.0,1.0,0.0,1.0,1.05,10.388941147649952,HG00328
0.0,1.0,0.0,1.0,1.05,14.089981254476001,HG00328
0.0,0.0,0.0,1.0,1.05,8.92802138246196,HG00328
0.0,1.0,0.0,1.0,1.05,12.034815471682958,HG00328
0.0,0.0,0.0,1.0,1.05,9.709288199744677,HG00328
0.0,1.0,0.0,1.0,1.05,7.245608532941277,HG00328
0.0,1.0,0.0,1.0,1.05,12.415037405450107,HG00328
0.0,1.0,1.0,1.0,0.0,13.869788724209702,HG00329
0.0,0.0,1.0,1.0,0.0,11.405888685334375,HG00329
0.0,1.0,1.0,1.0,0.0,14.113465512337106,HG00329
0.0,0.0,1.0,1.0,0.0,12.270241982853408,HG00329
0.0,1.0,1.0,1.0,0.0,12.598202238613533,HG00329
0.0,0.0,1.0,1.0,0.0,13.21288983483602,HG00329
0.0,1.0,1.0,1.0,0.0,12.542137965969696,HG00329
0.0,0.0,1.0,1.0,0.0,11.525969429047061,HG00329
0.0,0.0,1.0,1.0,0.0,11.795323123061108,HG00329
0.0,1.0,1.0,1.0,0.0,11.689768511586522,HG00329
0.0,0.0,0.0,1.0,1.0,11.944086241890163,HG00330
0.0,0.0,0.0,1.0,1.0,10.838271622802452,HG00330
0.0,1.0,0.0,1.0,1.0,12.096986645174532,HG00330
0.0,1.0,0.0,1.0,1.0,13.703063133175341,HG00330
0.0,1.0,0.0,1.0,1.0,11.37755875568294,HG00330
0.0,1.0,0.0,1.0,1.0,12.311431388666385,HG00330
0.0,0.0,0.0,1.0,1.0,10.653261156715022,HG00330
0.0,1.0,0.0,1.0,1.0,12.633531879678864,HG00330
0.0,0.0,0.0,1.0,1.0,11.68734989997427,HG00330
0.0,0.0,0.0,1.0,1.0,10.885293022799987,HG00330
0.0,0.0,0.0,2.0,0.0,12.619842069127177,HG00331
0.0,0.0,0.0,2.0,0.0,10.166520823098994,HG00331
0.0,1.0,0.0,2.0,0.0,14.828565139317131,HG00331
0.0,1.0,0.0,2.0,0.0,11.805903891498238,HG00331
0.0,1.0,0.0,2.0,0.0,10.34701433834166,HG00331
0.0,0.0,0.0,2.0,0.0,13.3138209541169,HG00331
0.0,1.0,0.0,2.0,0.0,14.037457313840642,HG00331
0.0,1.0,0.0,2.0,0.0,10.827322841243182,HG00331
0.0,0.0,0.0,2.0,0.0,8.970208432991273,HG00331
0.0,0.0,0.0,2.0,0.0,10.502151488030373,HG00331
1.0,0.0,2.0,0.0,1.0,3.9731637690541843,HG00332
1.0,0.0,2.0,0.0,1.0,4.461108374080985,HG00332
1.0,0.0,2.0,0.0,1.0,4.891790699169456,HG00332
1.0,0.0,2.0,0.0,1.0,3.784679705371193,HG00332
1.0,0.0,2.0,0.0,1.0,4.549665652517775,HG00332
1.0,0.0,2.0,0.0,1.0,4.456605258111713,HG00332
1.0,1.0,2.0,0.0,1.0,6.255324309943051,HG00332
1.0,1.0,2.0,0.0,1.0,4.387462607881352,HG00332
1.0,0.0,2.0,0.0,1.0,4.7144158422572655,HG00332
1.0,0.0,2.0,0.0,1.0,4.572376351240031,HG00332
1.0,1.0,1.0,0.35,1.0,5.499348277992935,HG00334
1.0,0.0,1.0,0.35,1.0,5.753661186277043,HG00334
1.0,1.0,1.0,0.35,1.0,6.46575624013914,HG00334
1.0,0.0,1.0,0.35,1.0,6.43692682446771,HG00334
1.0,0.0,1.0,0.35,1.0,6.564211419557755,HG00334
1.0,1.0,1.0,0.35,1.0,7.6328800886358765,HG00334
1.0,0.0,1.0,0.35,1.0,7.202393704882374,HG00334
1.0,1.0,1.0,0.35,1.0,7.63996553202887,HG00334
1.0,1.0,1.0,0.35,1.0,5.8605682430523425,HG00334
1.0,1.0,1.0,0.35,1.0,7.090925268997719,HG00334
1.0,0.0,1.0,1.0,2.0,9.669127725315317,HG00335
1.0,0.0,1.0,1.0,2.0,11.873926702903837,HG00335
1.0,0.0,1.0,1.0,2.0,10.060715421465474,HG00335
1.0,0.0,1.0,1.0,2.0,10.607512814942636,HG00335
1.0,0.0,1.0,1.0,2.0,9.49875913874266,HG00335
1.0,1.0,1.0,1.0,2.0,10.657106039647504,HG00335
1.0,0.0,1.0,1.0,2.0,10.833857082788425,HG00335
1.0,1.0,1.0,1.0,2.0,14.525587357562113,HG00335
1.0,0.0,1.0,1.0,2.0,9.48507745522083,HG00335
1.0,0.0,1.0,1.0,2.0,9.706396645538108,HG00335
0.0,0.0,0.8,1.0,1.05,13.424400647749582,HG00336
0.0,1.0,0.8,1.0,1.05,13.9031505636882,HG00336
0.0,1.0,0.8,1.0,1.05,14.729467124424865,HG00336
0.0,1.0,0.8,1.0,1.05,14.165201312709174,HG00336
0.0,0.0,0.8,1.0,1.05,9.957562565869498,HG00336
0.0,0.0,0.8,1.0,1.05,12.72463300091485,HG00336
0.0,0.0,0.8,1.0,1.05,11.282299329758189,HG00336
0.0,1.0,0.8,1.0,1.05,12.999226285172345,HG00336
0.0,0.0,0.8,1.0,1.05,9.850035474065592,HG00336
0.0,1.0,0.8,1.0,1.05,14.852169518148845,HG00336
0.0,0.0,0.0,1.0,1.0,15.672374676401084,HG00337
0.0,0.0,0.0,1.0,1.0,16.07550708002751,HG00337
0.0,1.0,0.0,1.0,1.0,15.722495552401703,HG00337
0.0,0.0,0.0,1.0,1.0,19.313198136551215,HG00337
0.0,1.0,0.0,1.0,1.0,19.152756749394605,HG00337
0.0,0.0,0.0,1.0,1.0,19.338488562497677,HG00337
0.0,0.0,0.0,1.0,1.0,13.360555325272976,HG00337
0.0,0.0,0.0,1.0,1.0,17.415035425204984,HG00337
0.0,0.0,0.0,1.0,1.0,18.777746116337923,HG00337
0.0,1.0,0.0,1.0,1.0,16.69128043228577,HG00337
1.0,0.0,0.0,2.0,0.0,6.735057719281233,HG00338
1.0,1.0,0.0,2.0,0.0,5.56531075789224,HG00338
1.0,1.0,0.0,2.0,0.0,8.674551768295663,HG00338
1.0,0.0,0.0,2.0,0.0,7.2974892167568814,HG00338
1.0,0.0,0.0,2.0,0.0,9.351030734658593,HG00338
1.0,0.0,0.0,2.0,0.0,4.900034096796506,HG00338
1.0,1.0,0.0,2.0,0.0,7.789144489921312,HG00338
1.0,1.0,0.0,2.0,0.0,7.086647664769163,HG00338
1.0,0.0,0.0,2.0,0.0,8.826229548590309,HG00338
1.0,1.0,0.0,2.0,0.0,8.04575339954635,HG00338
0.0,1.0,1.95,0.0,1.0,12.675216447131088,HG00339
0.0,1.0,1.95,0.0,1.0,10.1830801147533,HG00339
0.0,1.0,1.95,0.0,1.0,11.676280695235018,HG00339
0.0,0.0,1.95,0.0,1.0,13.156347866327755,HG00339
0.0,1.0,1.95,0.0,1.0,11.788888337160403,HG00339
0.0,1.0,1.95,0.0,1.0,12.396304794366893,HG00339
0.0,1.0,1.95,0.0,1.0,11.885760354309236,HG00339
0.0,1.0,1.95,0.0,1.0,11.610232868292712,HG00339
0.0,1.0,1.95,0.0,1.0,11.31599792245826,HG00339
0.0,1.0,1.95,0.0,1.0,12.88332283419533,HG00339
0.0,0.0,0.0,2.0,0.0,15.56372172169489,HG00341
0.0,1.0,0.0,2.0,0.0,16.40874519991589,HG00341
0.0,1.0,0.0,2.0,0.0,16.65519807175359,HG00341
0.0,0.0,0.0,2.0,0.0,14.744212814114778,HG00341
0.0,1.0,0.0,2.0,0.0,12.131823633196841,HG00341
0.0,0.0,0.0,2.0,0.0,13.296953709759798,HG00341
0.0,0.0,0.0,2.0,0.0,13.699444189676989,HG00341
0.0,0.0,0.0,2.0,0.0,12.796962766020915,HG00341
0.0,0.0,0.0,2.0,0.0,14.720262945270235,HG00341
0.0,0.0,0.0,2.0,0.0,11.282067822681528,HG00341
1.0,0.0,2.0,0.0,2.0,9.65910352229324,HG00342
1.0,0.0,2.0,0.0,2.0,7.856846241831817,HG00342
1.0,1.0,2.0,0.0,2.0,9.577487440537437,HG00342
1.0,0.0,2.0,0.0,2.0,8.686451162615697,HG00342
1.0,1.0,2.0,0.0,2.0,8.99601985869084,HG00342
1.0,0.0,2.0,0.0,2.0,10.09896008084103,HG00342
1.0,0.0,2.0,0.0,2.0,8.938579619737041,HG00342
1.0,0.0,2.0,0.0,2.0,8.675601589164385,HG00342
1.0,0.0,2.0,0.0,2.0,9.513930994278233,HG00342
1.0,1.0,2.0,0.0,2.0,10.349664919855622,HG00342
0.0,0.0,0.0,1.0,1.0,9.499327908867876,HG00343
0.0,1.0,0.0,1.0,1.0,11.555523473928115,HG00343
0.0,0.0,0.0,1.0,1.0,7.463215058510629,HG00343
0.0,1.0,0.0,1.0,1.0,5.376826982165566,HG00343
0.0,0.0,0.0,1.0,1.0,9.392739662060551,HG00343
0.0,1.0,0.0,1.0,1.0,9.843826407278028,HG00343
0.0,1.0,0.0,1.0,1.0,9.836743564205122,HG00343
0.0,0.0,0.0,1.0,1.0,8.666204103926168,HG00343
0.0,0.0,0.0,1.0,1.0,7.18541511230323,HG00343
0.0,1.0,0.0,1.0,1.0,11.312147223532694,HG00343
0.0,1.0,2.0,0.0,1.0,11.529214795334797,HG00344
0.0,1.0,2.0,0.0,1.0,12.002210048420967,HG00344
0.0,1.0,2.0,0.0,1.0,12.908779996534394,HG00344
0.0,0.0,2.0,0.0,1.0,11.54461012558515,HG00344
0.0,0.0,2.0,0.0,1.0,13.030037084349694,HG00344
0.0,0.0,2.0,0.0,1.0,11.420925324593185,HG00344
0.0,1.0,2.0,0.0,1.0,12.090873896162849,HG00344
0.0,0.0,2.0,0.0,1.0,12.271368789687877,HG00344
0.0,0.0,2.0,0.0,1.0,11.848079864277757,HG00344
0.0,0.0,2.0,0.0,1.0,12.679258136918916,HG00344
0.0,0.0,1.0,0.0,2.0,12.61640286292225,HG00345
0.0,0.0,1.0,0.0,2.0,12.910640046924309,HG00345
0.0,1.0,1.0,0.0,2.0,13.281283676885257,HG00345
0.0,1.0,1.0,0.0,2.0,10.575704947873719,HG00345
0.0,1.0,1.0,0.0,2.0,11.283963675322351,HG00345
0.0,0.0,1.0,0.0,2.0,13.187375693991143,HG00345
0.0,1.0,1.0,0.0,2.0,12.366468755008821,HG00345
0.0,1.0,1.0,0.0,2.0,12.536270808973516,HG00345
0.0,0.0,1.0,0.0,2.0,13.13555944751455,HG00345
0.0,1.0,1.0,0.0,2.0,11.448737840885926,HG00345
1.0,1.0,0.0,2.0,2.0,8.0665491019077,HG00346
1.0,1.0,0.0,2.0,2.0,13.60266004854991,HG00346
1.0,1.0,0.0,2.0,2.0,5.460395947808129,HG00346
1.0,0.0,0.0,2.0,2.0,8.7248877227408,HG00346
1.0,0.0,0.0,2.0,2.0,10.311031708918259,HG00346
1.0,0.0,0.0,2.0,2.0,9.374089860036197,HG00346
1.0,1.0,0.0,2.0,2.0,10.282998007089063,HG00346
1.0,0.0,0.0,2.0,2.0,11.181664803054117,HG00346
1.0,0.0,0.0,2.0,2.0,10.862961425208121,HG00346
1.0,0.0,0.0,2.0,2.0,6.708603386912075,HG00346
0.0,1.0,0.0,0.0,2.0,14.481970292177802,HG00349
0.0,0.0,0.0,0.0,2.0,7.586531871090045,HG00349
0.0,1.0,0.0,0.0,2.0,9.855983590505803,HG00349
0.0,1.0,0.0,0.0,2.0,10.722947962420818,HG00349
0.0,1.0,0.0,0.0,2.0,12.200493523632403,HG00349
0.0,1.0,0.0,0.0,2.0,11.309600818164585,HG00349
0.0,1.0,0.0,0.0,2.0,12.201793997706352,HG00349
0.0,0.0,0.0,0.0,2.0,15.713262029114045,HG00349
0.0,1.0,0.0,0.0,2.0,10.784403516546925,HG00349
0.0,0.0,0.0,0.0,2.0,9.364672758788167,HG00349
0.0,1.0,0.0,2.0,2.0,14.953292471047444,HG00350
0.0,1.0,0.0,2.0,2.0,10.870056968791886,HG00350
0.0,0.0,0.0,2.0,2.0,13.145245965229243,HG00350
0.0,0.0,0.0,2.0,2.0,14.190688590988328,HG00350
0.0,1.0,0.0,2.0,2.0,13.203831782591898,HG00350
0.0,0.0,0.0,2.0,2.0,16.652831077573286,HG00350
0.0,1.0,0.0,2.0,2.0,11.11417463904613,HG00350
0.0,0.0,0.0,2.0,2.0,13.147902444699088,HG00350
0.0,1.0,0.0,2.0,2.0,17.575656998451425,HG00350
0.0,0.0,0.0,2.0,2.0,11.644601156196636,HG00350
0.0,0.0,1.0,1.0,0.0,14.953289799101361,HG00351
0.0,1.0,1.0,1.0,0.0,15.854692871840316,HG00351
0.0,0.0,1.0,1.0,0.0,15.09438702079152,HG00351
0.0,1.0,1.0,1.0,0.0,14.642978127958465,HG00351
0.0,1.0,1.0,1.0,0.0,17.447649972090602,HG00351
0.0,1.0,1.0,1.0,0.0,10.437234830594834,HG00351
0.0,1.0,1.0,1.0,0.0,13.872751952971926,HG00351
0.0,1.0,1.0,1.0,0.0,12.585449581965829,HG00351
0.0,0.0,1.0,1.0,0.0,11.846213261696477,HG00351
0.0,1.0,1.0,1.0,0.0,14.484252719650014,HG00351
0.0,0.0,2.0,0.0,1.0,10.60608265477905,HG00353
0.0,0.0,2.0,0.0,1.0,10.035000648595911,HG00353
0.0,0.0,2.0,0.0,1.0,11.407904332301394,HG00353
0.0,0.0,2.0,0.0,1.0,10.78206262717179,HG00353
0.0,1.0,2.0,0.0,1.0,11.71927560564083,HG00353
0.0,0.0,2.0,0.0,1.0,11.110087600970285,HG00353
0.0,1.0,2.0,0.0,1.0,12.28541167135004,HG00353
0.0,0.0,2.0,0.0,1.0,10.902499175008838,HG00353
0.0,1.0,2.0,0.0,1.0,11.244887514938682,HG00353
0.0,0.0,2.0,0.0,1.0,10.497622455083102,HG00353
1.0,1.0,1.0,1.0,0.0,12.817867317726513,HG00355
1.0,0.0,1.0,1.0,0.0,10.540095989691178,HG00355
1.0,0.0,1.0,1.0,0.0,11.927889741777888,HG00355
1.0,1.0,1.0,1.0,0.0,10.599453268182746,HG00355
1.0,1.0,1.0,1.0,0.0,10.678058682449414,HG00355
1.0,0.0,1.0,1.0,0.0,9.414551871083354,HG00355
1.0,0.0,1.0,1.0,0.0,11.6332672101908,HG00355
1.0,1.0,1.0,1.0,0.0,10.792713379472364,HG00355
1.0,1.0,1.0,1.0,0.0,12.568276504359629,HG00355
1.0,1.0,1.0,1.0,0.0,9.230898613012506,HG00355
0.0,1.0,0.0,1.0,2.0,13.809818262803226,HG00356
0.0,0.0,0.0,1.0,2.0,14.459618776575805,HG00356
0.0,1.0,0.0,1.0,2.0,9.652540174944056,HG00356
0.0,0.0,0.0,1.0,2.0,15.500463414350099,HG00356
0.0,0.0,0.0,1.0,2.0,13.491117809980175,HG00356
0.0,0.0,0.0,1.0,2.0,16.686950171314102,HG00356
0.0,1.0,0.0,1.0,2.0,15.558406230792542,HG00356
0.0,1.0,0.0,1.0,2.0,17.58448634906005,HG00356
0.0,1.0,0.0,1.0,2.0,12.326272859503119,HG00356
0.0,0.0,0.0,1.0,2.0,9.678850205212312,HG00356
0.0,1.0,1.0,1.0,1.0,12.564933868307515,HG00357
0.0,0.0,1.0,1.0,1.0,13.334249590243239,HG00357
0.0,0.0,1.0,1.0,1.0,11.359503786653432,HG00357
0.0,1.0,1.0,1.0,1.0,15.701520836865148,HG00357
0.0,1.0,1.0,1.0,1.0,11.25098256749615,HG00357
0.0,0.0,1.0,1.0,1.0,13.771883090616853,HG00357
0.0,1.0,1.0,1.0,1.0,14.685124793679647,HG00357
0.0,0.0,1.0,1.0,1.0,13.880686593329658,HG00357
0.0,1.0,1.0,1.0,1.0,14.997002322130198,HG00357
0.0,1.0,1.0,1.0,1.0,14.622452142392577,HG00357
0.0,0.0,0.0,2.0,1.0,12.940589861915122,HG00358
0.0,1.0,0.0,2.0,1.0,16.815391274876212,HG00358
0.0,0.0,0.0,2.0,1.0,10.725599704508959,HG00358
0.0,1.0,0.0,2.0,1.0,15.608956661337436,HG00358
0.0,0.0,0.0,2.0,1.0,16.231418693647825,HG00358
0.0,1.0,0.0,2.0,1.0,11.478804393193895,HG00358
0.0,0.0,0.0,2.0,1.0,15.88782977234256,HG00358
0.0,1.0,0.0,2.0,1.0,22.032903212070664,HG00358
0.0,0.0,0.0,2.0,1.0,14.138739244341496,HG00358
0.0,1.0,0.0,2.0,1.0,19.00891993345566,HG00358
0.0,0.0,0.0,2.0,1.0,17.751457585704546,HG00359
0.0,0.0,0.0,2.0,1.0,13.688473948423995,HG00359
0.0,1.0,0.0,2.0,1.0,18.10583274478013,HG00359
0.0,1.0,0.0,2.0,1.0,15.01895684042904,HG00359
0.0,0.0,0.0,2.0,1.0,15.699972163745517,HG00359
0.0,1.0,0.0,2.0,1.0,19.527033264941657,HG00359
0.0,0.0,0.0,2.0,1.0,18.04858046626103,HG00359
0.0,1.0,0.0,2.0,1.0,19.60492163278368,HG00359
0.0,1.0,0.0,2.0,1.0,14.048690298632884,HG00359
0.0,1.0,0.0,2.0,1.0,12.273049658885292,HG00359
1.0,1.0,0.0,2.0,1.0,10.31103550425569,HG00360
1.0,0.0,0.0,2.0,1.0,12.406672236724384,HG00360
1.0,0.0,0.0,2.0,1.0,11.115975494100672,HG00360
1.0,0.0,0.0,2.0,1.0,10.725467078498072,HG00360
1.0,1.0,0.0,2.0,1.0,12.005655608033347,HG00360
1.0,0.0,0.0,2.0,1.0,13.0140258472,HG00360
1.0,1.0,0.0,2.0,1.0,11.120103498418683,HG00360
1.0,1.0,0.0,2.0,1.0,8.951668524660455,HG00360
1.0,1.0,0.0,2.0,1.0,12.342622157671359,HG00360
1.0,1.0,0.0,2.0,1.0,9.626986325813258,HG00360
0.0,1.0,1.0,1.0,1.0,9.8766549596826,HG00361
0.0,0.0,1.0,1.0,1.0,10.24181244759367,HG00361
0.0,1.0,1.0,1.0,1.0,10.177877804583375,HG00361
0.0,1.0,1.0,1.0,1.0,14.080319361485744,HG00361
0.0,1.0,1.0,1.0,1.0,9.544280631841987,HG00361
0.0,0.0,1.0,1.0,1.0,10.943202577513878,HG00361
0.0,1.0,1.0,1.0,1.0,11.662300403840458,HG00361
0.0,0.0,1.0,1.0,1.0,10.52108316593736,HG00361
0.0,0.0,1.0,1.0,1.0,10.675182889194682,HG00361
0.0,0.0,1.0,1.0,1.0,10.78350275919803,HG00361
0.0,1.0,1.0,0.95,0.0,11.803622793184102,HG00362
0.0,0.0,1.0,0.95,0.0,13.485489200387766,HG00362
0.0,0.0,1.0,0.95,0.0,13.516859337083773,HG00362
0.0,0.0,1.0,0.95,0.0,13.880232229189032,HG00362
0.0,0.0,1.0,0.95,0.0,13.043241299946226,HG00362
0.0,1.0,1.0,0.95,0.0,11.336073422276147,HG00362
0.0,0.0,1.0,0.95,0.0,13.068277871472691,HG00362
0.0,0.0,1.0,0.95,0.0,12.90181774098982,HG00362
0.0,0.0,1.0,0.95,0.0,11.450040510494954,HG00362
0.0,1.0,1.0,0.95,0.0,15.266746805325917,HG00362
0.0,1.0,2.0,0.0,2.0,8.999365222182172,HG00364
0.0,0.0,2.0,0.0,2.0,10.467520481623412,HG00364
0.0,1.0,2.0,0.0,2.0,10.037838697249695,HG00364
0.0,0.0,2.0,0.0,2.0,9.456615893258608,HG00364
0.0,1.0,2.0,0.0,2.0,11.05136445055919,HG00364
0.0,0.0,2.0,0.0,2.0,11.025789975383312,HG00364
0.0,1.0,2.0,0.0,2.0,10.26659555469228,HG00364
0.0,1.0,2.0,0.0,2.0,9.148528523479692,HG00364
0.0,1.0,2.0,0.0,2.0,12.04346280114479,HG00364
0.0,0.0,2.0,0.0,2.0,9.662145341051142,HG00364
1.0,1.0,1.0,0.0,2.0,7.665689294693369,HG00366
1.0,1.0,1.0,0.0,2.0,9.191331822683619,HG00366
1.0,1.0,1.0,0.0,2.0,10.032298767232273,HG00366
1.0,0.0,1.0,0.0,2.0,8.942725597676164,HG00366
1.0,0.0,1.0,0.0,2.0,10.380669209955835,HG00366
1.0,0.0,1.0,0.0,2.0,8.793653575669898,HG00366
1.0,1.0,1.0,0.0,2.0,8.803558042714982,HG00366
1.0,1.0,1.0,0.0,2.0,8.642333044953954,HG00366
1.0,1.0,1.0,0.0,2.0,11.921574656392611,HG00366
1.0,1.0,1.0,0.0,2.0,11.432703938268562,HG00366
1.0,1.0,0.0,0.0,2.0,9.442511384220218,HG00367
1.0,1.0,0.0,0.0,2.0,10.753724128532475,HG00367
1.0,0.0,0.0,0.0,2.0,5.011663567886307,HG00367
1.0,0.0,0.0,0.0,2.0,7.721131686424825,HG00367
1.0,1.0,0.0,0.0,2.0,7.476790734188255,HG00367
1.0,0.0,0.0,0.0,2.0,6.9456186535828115,HG00367
1.0,0.0,0.0,0.0,2.0,5.719085209651828,HG00367
1.0,0.0,0.0,0.0,2.0,6.83104249566019,HG00367
1.0,0.0,0.0,0.0,2.0,5.944139904851432,HG00367
1.0,0.0,0.0,0.0,2.0,7.830175008114001,HG00367
1.0,0.0,0.95,1.0,2.0,5.973177667572963,HG00369
1.0,0.0,0.95,1.0,2.0,5.482911531506931,HG00369
1.0,1.0,0.95,1.0,2.0,5.6101203360971645,HG00369
1.0,0.0,0.95,1.0,2.0,5.9539302427560825,HG00369
1.0,0.0,0.95,1.0,2.0,5.75872564710998,HG00369
1.0,1.0,0.95,1.0,2.0,9.179510187678535,HG00369
1.0,1.0,0.95,1.0,2.0,9.79093212434605,HG00369
1.0,1.0,0.95,1.0,2.0,7.810947582476085,HG00369
1.0,1.0,0.95,1.0,2.0,8.58928817414682,HG00369
1.0,0.0,0.95,1.0,2.0,7.206225385989614,HG00369
0.0,0.0,1.0,1.0,2.0,12.326261207323343,HG00372
0.0,1.0,1.0,1.0,2.0,16.473100974658642,HG00372
0.0,1.0,1.0,1.0,2.0,12.751650452501261,HG00372
0.0,1.0,1.0,1.0,2.0,9.706361495183671,HG00372
0.0,0.0,1.0,1.0,2.0,13.235159392405485,HG00372
0.0,0.0,1.0,1.0,2.0,10.38999966030988,HG00372
0.0,1.0,1.0,1.0,2.0,12.98047348236823,HG00372
0.0,1.0,1.0,1.0,2.0,13.52488269132072,HG00372
0.0,0.0,1.0,1.0,2.0,12.361256296930302,HG00372
0.0,1.0,1.0,1.0,2.0,10.617419629531927,HG00372
1.0,1.0,1.0,0.0,1.0,5.904933643808732,HG00373
1.0,0.0,1.0,0.0,1.0,6.815260547151744,HG00373
1.0,1.0,1.0,0.0,1.0,7.289813130081694,HG00373
1.0,0.0,1.0,0.0,1.0,6.2749305668518796,HG00373
1.0,1.0,1.0,0.0,1.0,7.055902820450166,HG00373
1.0,1.0,1.0,0.0,1.0,5.593969529978322,HG00373
1.0,1.0,1.0,0.0,1.0,7.996999302278484,HG00373
1.0,1.0,1.0,0.0,1.0,8.838537477485659,HG00373
1.0,0.0,1.0,0.0,1.0,5.037432449543115,HG00373
1.0,0.0,1.0,0.0,1.0,6.664011251334481,HG00373
1.0,1.0,2.0,0.0,1.0,11.257566487955458,HG00375
1.0,0.0,2.0,0.0,1.0,8.93981037168946,HG00375
1.0,1.0,2.0,0.0,1.0,9.459195179363277,HG00375
1.0,1.0,2.0,0.0,1.0,9.942234779311901,HG00375
1.0,1.0,2.0,0.0,1.0,9.068100712315676,HG00375
1.0,1.0,2.0,0.0,1.0,9.52149999543617,HG00375
1.0,0.0,2.0,0.0,1.0,9.171940380200727,HG00375
1.0,0.0,2.0,0.0,1.0,9.622344636886623,HG00375
1.0,1.0,2.0,0.0,1.0,11.097866088263174,HG00375
1.0,1.0,2.0,0.0,1.0,9.83577863887977,HG00375
1.0,0.0,1.0,1.0,0.0,8.34260073731465,HG00376
1.0,1.0,1.0,1.0,0.0,9.245143746191106,HG00376
1.0,0.0,1.0,1.0,0.0,8.314108121049488,HG00376
1.0,0.0,1.0,1.0,0.0,10.288889844986247,HG00376
1.0,0.0,1.0,1.0,0.0,8.39582882573946,HG00376
1.0,0.0,1.0,1.0,0.0,8.842241271128307,HG00376
1.0,1.0,1.0,1.0,0.0,8.647392906502644,HG00376
1.0,0.0,1.0,1.0,0.0,8.806699942658806,HG00376
1.0,0.0,1.0,1.0,0.0,9.41702127771581,HG00376
1.0,1.0,1.0,1.0,0.0,10.734554004411708,HG00376
0.0,1.0,0.0,2.0,2.0,13.06194680359564,HG00377
0.0,0.0,0.0,2.0,2.0,10.974381272400395,HG00377
0.0,1.0,0.0,2.0,2.0,12.326742366719603,HG00377
0.0,0.0,0.0,2.0,2.0,12.017071205446566,HG00377
0.0,1.0,0.0,2.0,2.0,13.790773774670221,HG00377
0.0,1.0,0.0,2.0,2.0,13.937001293688144,HG00377
0.0,1.0,0.0,2.0,2.0,11.694836359568198,HG00377
0.0,0.0,0.0,2.0,2.0,12.86884257098453,HG00377
0.0,1.0,0.0,2.0,2.0,12.900347843117538,HG00377
0.0,0.0,0.0,2.0,2.0,12.470647247584179,HG00377
1.0,1.0,2.0,0.0,1.0,12.321075690180207,HG00378
1.0,0.0,2.0,0.0,1.0,12.25807465563047,HG00378
1.0,1.0,2.0,0.0,1.0,11.950309073420899,HG00378
1.0,1.0,2.0,0.0,1.0,11.84653945423267,HG00378
1.0,1.0,2.0,0.0,1.0,12.213971980509989,HG00378
1.0,1.0,2.0,0.0,1.0,11.394440666949105,HG00378
1.0,0.0,2.0,0.0,1.0,13.190463917323942,HG00378
1.0,1.0,2.0,0.0,1.0,11.018638012526928,HG00378
1.0,0.0,2.0,0.0,1.0,11.278771485379165,HG00378
1.0,1.0,2.0,0.0,1.0,12.212785368866108,HG00378
1.0,0.0,1.0,1.0,0.0,7.661482234477826,HG00381
1.0,0.0,1.0,1.0,0.0,8.33970447961085,HG00381
1.0,0.0,1.0,1.0,0.0,10.032264717947912,HG00381
1.0,1.0,1.0,1.0,0.0,8.753664748294652,HG00381
1.0,0.0,1.0,1.0,0.0,6.45864270773196,HG00381
1.0,1.0,1.0,1.0,0.0,9.109916048590543,HG00381
1.0,0.0,1.0,1.0,0.0,7.649366954383915,HG00381
1.0,0.0,1.0,1.0,0.0,9.374096752065816,HG00381
1.0,1.0,1.0,1.0,0.0,7.476326961477984,HG00381
1.0,0.0,1.0,1.0,0.0,8.339609343524115,HG00381
1.0,0.0,0.95,1.0,2.0,7.219447449278041,HG00382
1.0,1.0,0.95,1.0,2.0,7.763629519543216,HG00382
1.0,0.0,0.95,1.0,2.0,9.584731457463954,HG00382
1.0,0.0,0.95,1.0,2.0,6.745112834171091,HG00382
1.0,1.0,0.95,1.0,2.0,6.335256110162915,HG00382
1.0,0.0,0.95,1.0,2.0,10.486044458369992,HG00382
1.0,0.0,0.95,1.0,2.0,8.150166643067424,HG00382
1.0,1.0,0.95,1.0,2.0,6.730757307114411,HG00382
1.0,0.0,0.95,1.0,2.0,9.155081693523027,HG00382
1.0,0.0,0.95,1.0,2.0,7.884866943119322,HG00382
1.0,1.0,0.0,2.0,1.3,8.740390324048807,HG00383
1.0,1.0,0.0,2.0,1.3,6.3941163420896405,HG00383
1.0,1.0,0.0,2.0,1.3,13.078754858043299,HG00383
1.0,0.0,0.0,2.0,1.3,9.969807726377132,HG00383
1.0,0.0,0.0,2.0,1.3,7.485602563453733,HG00383
1.0,1.0,0.0,2.0,1.3,8.04457473290447,HG00383
1.0,1.0,0.0,2.0,1.3,6.289400098734796,HG00383
1.0,0.0,0.0,2.0,1.3,7.520178039397303,HG00383
1.0,1.0,0.0,2.0,1.3,8.63375007164416,HG00383
1.0,1.0,0.0,2.0,1.3,4.632126174410956,HG00383
0.0,1.0,1.0,1.0,0.0,10.831393721148073,HG00384
0.0,1.0,1.0,1.0,0.0,12.987570555036282,HG00384
0.0,0.0,1.0,1.0,0.0,11.291328570787506,HG00384
0.0,1.0,1.0,1.0,0.0,10.722614068087864,HG00384
0.0,0.0,1.0,1.0,0.0,10.894608016717255,HG00384
0.0,0.0,1.0,1.0,0.0,9.839940302472694,HG00384
0.0,0.0,1.0,1.0,0.0,10.742534176188558,HG00384
0.0,0.0,1.0,1.0,0.0,13.43884216318514,HG00384
0.0,1.0,1.0,1.0,0.0,10.866768747250372,HG00384
0.0,1.0,1.0,1.0,0.0,12.120968666021296,HG00384
0.0,1.0,1.0,1.05,2.0,13.489223101789003,HG00403
0.0,0.0,1.0,1.05,2.0,8.356495858330469,HG00403
0.0,1.0,1.0,1.05,2.0,10.350205195522454,HG00403
0.0,1.0,1.0,1.05,2.0,11.598443033741274,HG00403
0.0,1.0,1.0,1.05,2.0,10.316647223819059,HG00403
0.0,1.0,1.0,1.05,2.0,11.939960545973479,HG00403
0.0,0.0,1.0,1.05,2.0,11.922341555757649,HG00403
0.0,0.0,1.0,1.05,2.0,11.871483651499815,HG00403
0.0,0.0,1.0,1.05,2.0,10.86512681435413,HG00403
0.0,1.0,1.0,1.05,2.0,13.943633461848268,HG00403
1.0,1.0,0.0,0.0,2.0,10.322374307090582,HG00404
1.0,1.0,0.0,0.0,2.0,7.815589818579582,HG00404
1.0,1.0,0.0,0.0,2.0,12.59350954387017,HG00404
1.0,0.0,0.0,0.0,2.0,9.683863645233785,HG00404
1.0,1.0,0.0,0.0,2.0,9.091204412530391,HG00404
1.0,1.0,0.0,0.0,2.0,11.610310434870582,HG00404
1.0,1.0,0.0,0.0,2.0,9.585465173793743,HG00404
1.0,0.0,0.0,0.0,2.0,9.46836511456049,HG00404
1.0,1.0,0.0,0.0,2.0,8.848191458669024,HG00404
1.0,1.0,0.0,0.0,2.0,13.153971691259692,HG00404
0.0,0.0,1.0,0.0,2.0,14.787006643122554,HG00406
0.0,0.0,1.0,0.0,2.0,14.743604492664522,HG00406
0.0,0.0,1.0,0.0,2.0,13.417191867134578,HG00406
0.0,0.0,1.0,0.0,2.0,13.570242167230727,HG00406
0.0,0.0,1.0,0.0,2.0,12.407032572232646,HG00406
0.0,0.0,1.0,0.0,2.0,13.72166976439266,HG00406
0.0,0.0,1.0,0.0,2.0,14.044607525080844,HG00406
0.0,1.0,1.0,0.0,2.0,14.057533065033493,HG00406
0.0,0.0,1.0,0.0,2.0,14.714128982316653,HG00406
0.0,1.0,1.0,0.0,2.0,11.82433487071807,HG00406
0.0,1.0,1.0,0.0,2.0,12.998712058369435,HG00407
0.0,0.0,1.0,0.0,2.0,11.948622694951325,HG00407
0.0,0.0,1.0,0.0,2.0,11.318009609763973,HG00407
0.0,0.0,1.0,0.0,2.0,12.325806233085583,HG00407
0.0,1.0,1.0,0.0,2.0,15.210677461231743,HG00407
0.0,0.0,1.0,0.0,2.0,9.301977975679415,HG00407
0.0,0.0,1.0,0.0,2.0,9.56911968005847,HG00407
0.0,1.0,1.0,0.0,2.0,11.598921784341247,HG00407
0.0,1.0,1.0,0.0,2.0,13.37909014300083,HG00407
0.0,1.0,1.0,0.0,2.0,13.245736280945982,HG00407
0.0,0.0,1.9,0.0,1.0,7.532381362606035,HG00418
0.0,0.0,1.9,0.0,1.0,8.277562768719344,HG00418
0.0,1.0,1.9,0.0,1.0,8.577243281887785,HG00418
0.0,0.0,1.9,0.0,1.0,9.562193790409555,HG00418
0.0,0.0,1.9,0.0,1.0,8.572378764906453,HG00418
0.0,1.0,1.9,0.0,1.0,8.913731042860935,HG00418
0.0,1.0,1.9,0.0,1.0,9.438218853610351,HG00418
0.0,1.0,1.9,0.0,1.0,9.68871622165332,HG00418
0.0,0.0,1.9,0.0,1.0,7.561359300416338,HG00418
0.0,1.0,1.9,0.0,1.0,9.382868203990329,HG00418
1.0,0.0,0.0,0.0,2.0,6.827874975759152,HG00419
1.0,1.0,0.0,0.0,2.0,6.947767707263229,HG00419
1.0,0.0,0.0,0.0,2.0,11.595607138437952,HG00419
1.0,0.0,0.0,0.0,2.0,5.180905573012277,HG00419
1.0,0.0,0.0,0.0,2.0,7.117668956941844,HG00419
1.0,1.0,0.0,0.0,2.0,5.899149978295641,HG00419
1.0,0.0,0.0,0.0,2.0,9.04416218780772,HG00419
1.0,0.0,0.0,0.0,2.0,7.927878729820661,HG00419
1.0,0.0,0.0,0.0,2.0,8.484765826649046,HG00419
1.0,1.0,0.0,0.0,2.0,7.372120054726307,HG00419
1.0,0.0,1.0,1.0,0.9,8.762354435721024,HG00421
1.0,1.0,1.0,1.0,0.9,8.82404404061473,HG00421
1.0,0.0,1.0,1.0,0.9,9.949381599767127,HG00421
1.0,1.0,1.0,1.0,0.9,9.898969373289606,HG00421
1.0,0.0,1.0,1.0,0.9,7.395449623184444,HG00421
1.0,0.0,1.0,1.0,0.9,8.792299387086201,HG00421
1.0,0.0,1.0,1.0,0.9,8.467007388232132,HG00421
1.0,1.0,1.0,1.0,0.9,10.302400871836966,HG00421
1.0,0.0,1.0,1.0,0.9,9.922217433711216,HG00421
1.0,0.0,1.0,1.0,0.9,9.002024746693849,HG00421
1.0,1.0,1.0,1.0,1.0,8.430518505347072,HG00422
1.0,0.0,1.0,1.0,1.0,9.67206456254318,HG00422
1.0,1.0,1.0,1.0,1.0,10.911231817228261,HG00422
1.0,0.0,1.0,1.0,1.0,7.6480798676360635,HG00422
1.0,0.0,1.0,1.0,1.0,8.462938545127635,HG00422
1.0,1.0,1.0,1.0,1.0,10.399679047904677,HG00422
1.0,0.0,1.0,1.0,1.0,7.649466065490472,HG00422
1.0,1.0,1.0,1.0,1.0,8.267286198489401,HG00422
1.0,0.0,1.0,1.0,1.0,8.243195780108934,HG00422
1.0,0.0,1.0,1.0,1.0,10.067893086526771,HG00422
1.0,0.0,1.0,0.0,1.0,9.123672308193614,HG00427
1.0,0.0,1.0,0.0,1.0,9.769574744063531,HG00427
1.0,0.0,1.0,0.0,1.0,8.913000358488633,HG00427
1.0,1.0,1.0,0.0,1.0,8.666702907111077,HG00427
1.0,0.0,1.0,0.0,1.0,9.205223563460127,HG00427
1.0,0.0,1.0,0.0,1.0,8.915115209266878,HG00427
1.0,1.0,1.0,0.0,1.0,8.141146926967902,HG00427
1.0,0.0,1.0,0.0,1.0,9.54278072378398,HG00427
1.0,0.0,1.0,0.0,1.0,8.752668036159855,HG00427
1.0,1.0,1.0,0.0,1.0,7.719373549353917,HG00427
1.0,0.0,1.0,0.0,2.0,6.948316641297796,HG00428
1.0,1.0,1.0,0.0,2.0,8.64673193863496,HG00428
1.0,0.0,1.0,0.0,2.0,6.4444454081180265,HG00428
1.0,1.0,1.0,0.0,2.0,7.722651878061238,HG00428
1.0,0.0,1.0,0.0,2.0,7.719478200741013,HG00428
1.0,0.0,1.0,0.0,2.0,7.5372031094062875,HG00428
1.0,0.0,1.0,0.0,2.0,5.2436383534877695,HG00428
1.0,1.0,1.0,0.0,2.0,5.281745362784907,HG00428
1.0,1.0,1.0,0.0,2.0,8.929028941024344,HG00428
1.0,1.0,1.0,0.0,2.0,7.4475357360267145,HG00428
